fecha_de_operación,estimado,precio 
1/2/2013,true,"$1,855.00"
1/3/2013,true,"$1,835.00"
1/4/2013,true,"$1,810.00"
1/7/2013,true,"$1,825.00"
1/8/2013,true,"$1,825.00"
1/9/2013,true,"$1,825.00"
1/10/2013,true,"$1,817.00"
1/11/2013,true,"$1,805.00"
1/14/2013,true,"$1,845.00"
1/15/2013,true,"$1,845.00"
1/16/2013,true,"$1,860.00"
1/17/2013,true,"$1,845.00"
1/18/2013,true,"$1,843.00"
1/21/2013,true,"$1,843.00"
1/22/2013,true,"$1,860.00"
1/23/2013,true,"$1,850.00"
1/24/2013,true,"$1,815.00"
1/25/2013,true,"$1,815.00"
1/28/2013,true,"$1,815.00"
1/29/2013,true,"$1,815.00"
1/30/2013,true,"$1,820.00"
2/1/2013,false,"$1,825.00"
2/4/2013,true,"$1,835.00"
2/5/2013,true,"$1,835.00"
2/6/2013,true,"$1,828.00"
2/7/2013,true,"$1,825.00"
2/8/2013,true,"$1,810.00"
2/13/2013,true,"$1,790.00"
2/14/2013,true,"$1,773.00"
2/15/2013,true,"$1,785.00"
2/18/2013,true,"$1,790.00"
2/19/2013,true,"$1,790.00"
2/21/2013,true,"$1,770.00"
2/22/2013,true,"$1,755.00"
2/25/2013,true,"$1,710.00"
2/26/2013,true,"$1,705.00"
2/27/2013,false,"$1,715.00"
2/28/2013,false,"$1,782.50"
3/1/2013,false,"$1,730.00"
3/4/2013,false,"$1,790.00"
3/5/2013,false,"$1,802.00"
3/6/2013,false,"$1,790.00"
3/7/2013,false,"$1,802.00"
3/8/2013,false,"$1,803.00"
3/11/2013,false,"$1,807.00"
3/12/2013,false,"$1,824.00"
3/13/2013,false,"$1,813.00"
3/14/2013,false,"$1,740.00"
3/15/2013,false,"$1,740.00"
3/18/2013,true,"$1,650.00"
3/19/2013,false,"$1,633.00"
3/20/2013,false,"$1,640.00"
3/21/2013,false,"$1,674.00"
3/22/2013,true,"$1,665.00"
3/25/2013,true,"$1,645.00"
3/26/2013,false,"$1,665.00"
3/27/2013,false,"$1,660.00"
4/3/2013,true,"$1,585.00"
4/4/2013,false,"$1,588.00"
4/5/2013,false,"$1,579.00"
4/8/2013,false,"$1,598.00"
4/9/2013,false,"$1,608.00"
4/10/2013,false,"$1,599.00"
4/11/2013,false,"$1,619.00"
4/12/2013,false,"$1,643.00"
4/15/2013,false,"$1,625.00"
4/16/2013,false,"$1,649.00"
4/17/2013,false,"$1,663.00"
4/18/2013,false,"$1,704.00"
4/19/2013,false,"$1,685.00"
4/22/2013,false,"$1,643.00"
4/23/2013,false,"$1,645.00"
4/24/2013,true,"$1,615.00"
4/25/2013,false,"$1,657.00"
4/26/2013,false,"$1,660.00"
4/29/2013,false,"$1,678.00"
4/30/2013,false,"$1,698.00"
5/2/2013,false,"$1,658.00"
5/3/2013,false,"$1,683.00"
5/6/2013,true,"$1,657.00"
5/7/2013,true,"$1,672.00"
5/8/2013,false,"$1,698.00"
5/9/2013,false,"$1,704.00"
5/10/2013,false,"$1,700.00"
5/13/2013,false,"$1,717.00"
5/14/2013,false,"$1,723.00"
5/15/2013,false,"$1,711.00"
5/16/2013,false,"$1,720.00"
5/17/2013,false,"$1,730.00"
5/20/2013,false,"$1,745.00"
5/21/2013,false,"$1,758.00"
5/22/2013,false,"$1,772.50"
5/23/2013,false,"$1,784.50"
5/24/2013,false,"$1,753.00"
5/27/2013,false,"$1,720.00"
5/28/2013,true,"$1,743.00"
5/29/2013,true,"$1,740.00"
5/30/2013,true,"$1,725.00"
5/31/2013,true,"$1,735.00"
6/3/2013,true,"$1,749.00"
6/4/2013,false,"$1,740.00"
6/5/2013,false,"$1,737.00"
6/6/2013,true,"$1,720.00"
6/7/2013,true,"$1,720.00"
6/10/2013,true,"$1,707.00"
6/11/2013,false,"$1,720.00"
6/12/2013,true,"$1,729.00"
6/13/2013,true,"$1,710.00"
6/14/2013,true,"$1,705.00"
6/17/2013,true,"$1,703.00"
6/18/2013,true,"$1,703.00"
6/19/2013,true,"$1,703.00"
6/24/2013,true,"$1,675.00"
6/25/2013,true,"$1,690.00"
6/26/2013,false,"$1,715.00"
6/27/2013,false,"$1,714.00"
6/28/2013,true,"$1,703.00"
7/1/2013,false,"$1,722.00"
7/2/2013,false,"$1,722.00"
7/3/2013,true,"$1,729.00"
7/4/2013,true,"$1,725.00"
7/5/2013,true,"$1,720.00"
7/8/2013,false,"$1,745.50"
7/10/2013,true,"$1,766.50"
7/11/2013,true,"$1,772.00"
7/12/2013,true,"$1,740.00"
7/15/2013,false,"$1,750.00"
7/16/2013,false,"$1,780.00"
7/17/2013,true,"$1,767.00"
7/18/2013,true,"$1,757.00"
7/19/2013,true,"$1,774.00"
7/22/2013,true,"$1,785.00"
7/23/2013,true,"$1,770.00"
7/24/2013,true,"$1,740.00"
7/25/2013,true,"$1,665.00"
7/26/2013,true,"$1,660.00"
7/29/2013,true,"$1,655.00"
7/30/2013,true,"$1,635.00"
7/31/2013,true,"$1,645.00"
8/1/2013,true,"$1,642.00"
8/2/2013,true,"$1,632.00"
8/5/2013,true,"$1,625.00"
8/6/2013,false,"$1,617.00"
8/7/2013,false,"$1,627.00"
8/8/2013,false,"$1,650.00"
8/9/2013,false,"$1,645.00"
8/12/2013,false,"$1,695.00"
8/13/2013,false,"$1,700.00"
8/14/2013,false,"$1,715.00"
8/15/2013,false,"$1,755.00"
8/16/2013,false,"$1,769.00"
8/20/2013,false,"$1,798.00"
8/21/2013,false,"$1,804.00"
8/22/2013,false,"$1,801.00"
8/23/2013,false,"$1,812.00"
8/26/2013,false,"$1,878.00"
8/27/2013,false,"$1,880.00"
8/28/2013,true,"$1,883.00"
8/29/2013,false,"$1,880.00"
8/30/2013,true,"$1,870.00"
9/2/2013,false,"$1,885.00"
9/3/2013,false,"$1,927.00"
9/4/2013,false,"$1,900.00"
9/5/2013,false,"$1,925.00"
9/6/2013,false,"$1,935.00"
9/9/2013,false,"$1,935.00"
9/10/2013,false,"$1,943.00"
9/11/2013,false,"$1,951.50"
9/12/2013,false,"$1,985.00"
9/13/2013,false,"$1,972.00"
9/16/2013,true,"$1,930.00"
9/17/2013,false,"$1,930.00"
9/18/2013,false,"$1,942.00"
9/19/2013,false,"$1,941.00"
9/20/2013,false,"$1,940.00"
9/23/2013,false,"$1,938.00"
9/24/2013,false,"$1,940.00"
9/25/2013,true,"$1,940.00"
9/26/2013,false,"$1,950.00"
9/27/2013,true,"$1,950.00"
9/30/2013,true,"$1,920.00"
10/1/2013,false,"$1,905.00"
10/2/2013,false,"$1,923.00"
10/3/2013,false,"$1,962.00"
10/4/2013,false,"$1,968.00"
10/8/2013,false,"$1,975.00"
10/9/2013,false,"$1,990.00"
10/10/2013,false,"$2,004.00"
10/11/2013,false,"$1,987.00"
10/15/2013,true,"$1,987.00"
10/16/2013,false,"$2,005.00"
10/17/2013,false,"$2,015.00"
10/18/2013,true,"$2,012.00"
10/21/2013,false,"$2,026.00"
10/22/2013,false,"$2,026.00"
10/23/2013,false,"$2,050.00"
10/24/2013,true,"$2,065.00"
10/25/2013,true,"$2,050.00"
10/28/2013,true,"$2,030.00"
10/29/2013,true,"$2,030.00"
10/30/2013,true,"$2,035.00"
10/31/2013,false,"$2,025.00"
11/1/2013,false,"$2,018.00"
11/4/2013,false,"$2,024.00"
11/5/2013,false,"$2,031.00"
11/6/2013,false,"$2,034.00"
11/7/2013,false,"$2,039.00"
11/8/2013,false,"$2,068.00"
11/11/2013,false,"$2,080.00"
11/12/2013,false,"$2,097.00"
11/13/2013,false,"$2,100.00"
11/14/2013,false,"$2,118.00"
11/15/2013,false,"$2,100.00"
11/18/2013,false,"$2,105.00"
11/19/2013,false,"$2,096.00"
11/20/2013,false,"$2,099.00"
11/21/2013,false,"$2,113.00"
11/22/2013,true,"$2,080.00"
11/26/2013,true,"$2,070.00"
11/27/2013,true,"$2,070.00"
11/28/2013,true,"$2,065.00"
11/29/2013,true,"$2,075.00"
12/2/2013,true,"$2,090.00"
12/3/2013,true,"$2,090.00"
12/4/2013,true,"$2,095.00"
12/5/2013,true,"$2,097.00"
12/6/2013,true,"$2,096.00"
12/9/2013,true,"$2,105.00"
12/10/2013,true,"$2,107.00"
12/11/2013,true,"$2,112.00"
12/12/2013,true,"$2,100.00"
12/13/2013,true,"$2,098.00"
12/16/2013,true,"$2,110.00"
12/17/2013,false,"$2,115.00"
12/18/2013,false,"$2,117.00"
12/19/2013,false,"$2,118.00"
12/20/2013,true,"$2,130.00"
12/23/2013,true,"$2,130.00"
12/26/2013,true,"$2,145.00"
12/27/2013,true,"$2,142.00"
12/30/2013,true,"$2,132.00"
1/2/2014,true,"$2,100.00"
1/3/2014,true,"$2,098.00"
1/6/2014,true,"$2,115.00"
1/7/2014,true,"$2,122.00"
1/8/2014,true,"$2,125.00"
1/9/2014,true,"$2,125.00"
1/10/2014,false,"$2,137.00"
1/13/2014,true,"$2,163.00"
1/14/2014,true,"$2,176.00"
1/15/2014,false,"$2,197.00"
1/16/2014,false,"$2,210.00"
1/17/2014,true,"$2,215.00"
1/20/2014,true,"$2,230.00"
1/21/2014,true,"$2,220.00"
1/22/2014,true,"$2,295.00"
1/23/2014,true,"$2,510.00"
1/24/2014,false,"$2,580.00"
1/27/2014,false,"$2,578.00"
1/28/2014,false,"$2,590.00"
1/29/2014,false,"$2,590.00"
1/30/2014,false,"$2,608.00"
1/31/2014,false,"$2,621.00"
2/3/2014,false,"$2,642.00"
2/4/2014,false,"$2,693.00"
2/5/2014,false,"$2,665.00"
2/6/2014,false,"$2,720.00"
2/7/2014,false,"$2,768.00"
2/10/2014,false,"$2,762.00"
2/11/2014,false,"$2,695.00"
2/12/2014,false,"$2,695.00"
2/13/2014,false,"$2,762.00"
2/14/2014,false,"$2,743.00"
2/17/2014,false,"$2,715.00"
2/18/2014,false,"$2,766.00"
2/19/2014,false,"$2,775.00"
2/20/2014,false,"$2,768.00"
2/21/2014,false,"$2,707.00"
2/24/2014,false,"$2,730.00"
2/25/2014,false,"$2,740.00"
2/26/2014,false,"$2,758.00"
2/27/2014,false,"$2,810.00"
2/28/2014,false,"$2,815.00"
3/5/2014,false,"$2,830.00"
3/6/2014,false,"$2,870.00"
3/7/2014,false,"$2,971.00"
3/10/2014,false,"$2,640.00"
3/11/2014,false,"$2,640.00"
3/12/2014,false,"$2,580.00"
3/13/2014,false,"$2,583.00"
3/14/2014,false,"$2,583.00"
3/17/2014,false,"$2,650.00"
3/18/2014,false,"$2,685.00"
3/19/2014,false,"$2,730.00"
3/20/2014,false,"$2,715.00"
3/21/2014,false,"$2,480.00"
3/25/2014,false,"$2,445.00"
3/26/2014,false,"$2,445.00"
3/27/2014,false,"$2,449.00"
3/28/2014,false,"$2,450.00"
3/31/2014,false,"$2,470.00"
4/1/2014,false,"$2,510.00"
4/3/2014,false,"$2,458.00"
4/4/2014,false,"$2,450.00"
4/7/2014,false,"$2,445.00"
4/8/2014,false,"$2,461.00"
4/9/2014,false,"$2,500.00"
4/10/2014,false,"$2,472.00"
4/11/2014,false,"$2,440.00"
4/14/2014,false,"$2,445.00"
4/15/2014,false,"$2,494.00"
4/16/2014,false,"$2,500.00"
4/21/2014,false,"$2,440.00"
4/22/2014,false,"$2,448.00"
4/23/2014,false,"$2,450.00"
4/24/2014,false,"$2,420.00"
4/25/2014,false,"$2,470.00"
4/28/2014,false,"$2,500.00"
4/29/2014,false,"$2,507.00"
4/30/2014,false,"$2,498.00"
5/5/2014,false,"$2,449.00"
5/6/2014,false,"$2,453.00"
5/7/2014,false,"$2,455.00"
5/8/2014,false,"$2,500.00"
5/9/2014,false,"$2,518.00"
5/12/2014,false,"$2,510.00"
5/13/2014,false,"$2,550.00"
5/14/2014,false,"$2,554.00"
5/15/2014,false,"$2,575.00"
5/16/2014,false,"$2,562.00"
5/19/2014,false,"$2,600.00"
5/20/2014,false,"$2,605.00"
5/21/2014,false,"$2,612.00"
5/22/2014,false,"$2,651.00"
5/23/2014,false,"$2,640.00"
5/26/2014,false,"$2,620.00"
5/27/2014,true,"$2,575.00"
5/28/2014,false,"$2,600.00"
5/29/2014,false,"$2,620.00"
5/30/2014,false,"$2,590.00"
6/2/2014,false,"$2,615.00"
6/3/2014,false,"$2,565.00"
6/4/2014,false,"$2,565.00"
6/5/2014,false,"$2,550.00"
6/6/2014,false,"$2,550.00"
6/9/2014,false,"$2,530.00"
6/10/2014,false,"$2,534.00"
6/11/2014,false,"$2,519.00"
6/12/2014,false,"$2,448.00"
6/13/2014,false,"$2,449.00"
6/16/2014,false,"$2,450.00"
6/17/2014,false,"$2,445.00"
6/18/2014,false,"$2,460.00"
6/19/2014,false,"$2,498.00"
6/23/2014,false,"$2,505.00"
6/24/2014,false,"$2,480.00"
6/25/2014,false,"$2,500.00"
6/26/2014,false,"$2,525.00"
6/27/2014,false,"$2,520.00"
6/30/2014,true,"$2,400.00"
7/1/2014,false,"$2,413.00"
7/2/2014,false,"$2,425.00"
7/3/2014,false,"$2,410.00"
7/4/2014,true,"$2,400.00"
7/7/2014,false,"$2,390.00"
7/8/2014,true,"$2,370.00"
7/10/2014,false,"$2,370.00"
7/11/2014,false,"$2,343.00"
7/14/2014,false,"$2,360.00"
7/15/2014,false,"$2,352.00"
7/16/2014,false,"$2,393.00"
7/17/2014,false,"$2,405.00"
7/18/2014,false,"$2,410.00"
7/21/2014,false,"$2,410.00"
7/22/2014,false,"$2,440.00"
7/23/2014,false,"$2,463.00"
7/24/2014,false,"$2,490.00"
7/25/2014,false,"$2,480.00"
7/28/2014,false,"$2,509.00"
7/29/2014,false,"$2,500.00"
7/30/2014,true,"$2,465.00"
7/31/2014,true,"$2,455.00"
8/1/2014,false,"$2,375.00"
8/4/2014,true,"$2,412.00"
8/5/2014,false,"$2,408.00"
8/6/2014,false,"$2,431.00"
8/7/2014,false,"$2,440.00"
8/8/2014,false,"$2,457.00"
8/11/2014,false,"$2,498.00"
8/12/2014,true,"$2,440.00"
8/13/2014,false,"$2,420.00"
8/14/2014,false,"$2,461.00"
8/15/2014,false,"$2,465.00"
8/19/2014,true,"$2,410.00"
8/20/2014,true,"$2,380.00"
8/21/2014,false,"$2,405.00"
8/22/2014,false,"$2,430.00"
8/25/2014,true,"$2,365.00"
8/26/2014,true,"$2,365.00"
8/27/2014,true,"$2,342.00"
8/28/2014,false,"$2,369.00"
8/29/2014,false,"$2,380.00"
9/1/2014,false,"$2,380.00"
9/2/2014,false,"$2,389.00"
9/3/2014,false,"$2,307.00"
9/4/2014,false,"$2,265.00"
9/5/2014,false,"$2,310.00"
9/8/2014,true,"$2,290.00"
9/9/2014,false,"$2,288.00"
9/10/2014,false,"$2,282.00"
9/11/2014,true,"$2,245.00"
9/12/2014,false,"$2,265.00"
9/15/2014,false,"$2,282.00"
9/16/2014,false,"$2,275.00"
9/17/2014,false,"$2,295.00"
9/18/2014,false,"$2,270.00"
9/19/2014,false,"$2,235.00"
9/22/2014,false,"$2,180.00"
9/23/2014,false,"$2,210.00"
9/24/2014,false,"$2,225.00"
9/25/2014,false,"$2,235.00"
9/26/2014,false,"$2,235.00"
9/29/2014,false,"$2,280.00"
9/30/2014,false,"$2,275.00"
10/1/2014,true,"$2,220.00"
10/2/2014,true,"$2,193.00"
10/3/2014,true,"$2,150.00"
10/6/2014,true,"$2,235.00"
10/8/2014,false,"$2,238.00"
10/9/2014,false,"$2,275.00"
10/10/2014,true,"$2,235.00"
10/14/2014,false,"$2,320.00"
10/15/2014,false,"$2,320.00"
10/16/2014,false,"$2,342.00"
10/17/2014,false,"$2,320.00"
10/20/2014,false,"$2,295.00"
10/21/2014,false,"$2,350.00"
10/22/2014,false,"$2,375.00"
10/23/2014,false,"$2,399.00"
10/24/2014,false,"$2,383.00"
10/27/2014,false,"$2,447.00"
10/28/2014,false,"$2,498.00"
10/29/2014,false,"$2,543.00"
10/30/2014,true,"$2,445.00"
10/31/2014,false,"$2,500.00"
11/3/2014,false,"$2,475.00"
11/4/2014,false,"$2,446.00"
11/5/2014,false,"$2,453.00"
11/6/2014,false,"$2,493.00"
11/7/2014,false,"$2,480.00"
11/10/2014,false,"$2,470.00"
11/11/2014,false,"$2,490.00"
11/12/2014,false,"$2,499.00"
11/13/2014,false,"$2,505.00"
11/14/2014,false,"$2,460.00"
11/17/2014,false,"$2,475.00"
11/18/2014,false,"$2,470.00"
11/19/2014,false,"$2,440.00"
11/20/2014,false,"$2,450.00"
11/21/2014,false,"$2,460.00"
11/25/2014,false,"$2,500.00"
11/26/2014,false,"$2,490.00"
11/27/2014,true,"$2,440.00"
11/28/2014,true,"$2,350.00"
12/1/2014,true,"$2,370.00"
12/2/2014,true,"$2,340.00"
12/3/2014,false,"$2,350.00"
12/4/2014,false,"$2,415.00"
12/5/2014,false,"$2,490.00"
12/9/2014,false,"$2,538.00"
12/10/2014,false,"$2,430.00"
12/11/2014,false,"$2,515.00"
12/12/2014,false,"$2,500.00"
12/15/2014,false,"$2,500.00"
12/16/2014,true,"$2,445.00"
12/17/2014,true,"$2,450.00"
12/18/2014,false,"$2,465.00"
12/19/2014,true,"$2,430.00"
12/22/2014,false,"$2,480.00"
12/23/2014,false,"$2,500.00"
12/29/2014,false,"$2,510.00"
12/30/2014,false,"$2,500.00"
1/2/2015,false,"$2,410.00"
1/5/2015,false,"$2,509.00"
1/6/2015,false,"$2,518.00"
1/7/2015,false,"$2,500.00"
1/8/2015,false,"$2,495.00"
1/9/2015,false,"$2,505.00"
1/12/2015,false,"$2,445.00"
1/13/2015,false,"$2,445.00"
1/14/2015,false,"$2,455.00"
1/15/2015,false,"$2,400.00"
1/16/2015,false,"$2,430.00"
1/19/2015,false,"$2,440.00"
1/20/2015,false,"$2,427.00"
1/21/2015,false,"$2,457.00"
1/22/2015,false,"$2,457.00"
1/23/2015,false,"$2,430.00"
1/26/2015,false,"$2,410.00"
1/27/2015,false,"$2,400.00"
1/28/2015,false,"$2,400.00"
1/29/2015,false,"$2,380.00"
1/30/2015,false,"$2,310.00"
2/2/2015,false,"$2,310.00"
2/3/2015,false,"$2,378.00"
2/4/2015,false,"$2,335.00"
2/5/2015,false,"$2,360.00"
2/6/2015,false,"$2,345.00"
2/9/2015,false,"$2,345.00"
2/10/2015,false,"$2,340.00"
2/11/2015,false,"$2,360.00"
2/12/2015,false,"$2,380.00"
2/13/2015,false,"$2,400.00"
2/18/2015,false,"$2,400.00"
2/19/2015,false,"$2,405.00"
2/20/2015,false,"$2,402.00"
2/23/2015,false,"$2,390.00"
2/24/2015,false,"$2,400.00"
2/25/2015,false,"$2,350.00"
2/26/2015,false,"$2,300.00"
2/27/2015,false,"$2,300.00"
3/2/2015,false,"$2,240.00"
3/3/2015,false,"$2,250.00"
3/4/2015,false,"$2,250.00"
3/5/2015,false,"$2,298.00"
3/6/2015,false,"$2,360.00"
3/9/2015,false,"$2,405.00"
3/10/2015,false,"$2,400.00"
3/11/2015,true,"$2,200.00"
3/12/2015,false,"$2,195.00"
3/13/2015,false,"$2,180.00"
3/16/2015,false,"$2,105.00"
3/17/2015,false,"$2,045.00"
3/18/2015,false,"$2,000.00"
3/19/2015,false,"$1,970.00"
3/20/2015,false,"$1,975.00"
3/25/2015,false,"$1,965.00"
3/26/2015,false,"$1,960.00"
3/27/2015,false,"$1,947.00"
3/30/2015,false,"$1,935.00"
3/31/2015,false,"$1,928.00"
4/1/2015,false,"$1,945.00"
4/6/2015,false,"$1,920.00"
4/7/2015,false,"$1,895.00"
4/8/2015,false,"$1,900.00"
4/9/2015,false,"$1,885.00"
4/10/2015,false,"$1,848.00"
4/13/2015,false,"$1,843.00"
4/14/2015,false,"$1,900.00"
4/15/2015,false,"$1,922.00"
4/16/2015,false,"$1,923.00"
4/17/2015,false,"$1,928.00"
4/20/2015,false,"$1,967.00"
4/21/2015,false,"$1,945.00"
4/22/2015,false,"$1,907.00"
4/23/2015,false,"$1,927.00"
4/24/2015,false,"$1,890.00"
4/27/2015,false,"$1,897.00"
4/28/2015,false,"$1,915.00"
4/29/2015,false,"$1,927.00"
4/30/2015,false,"$1,915.00"
5/4/2015,false,"$1,920.00"
5/5/2015,false,"$1,946.00"
5/6/2015,false,"$1,960.00"
5/7/2015,false,"$1,945.00"
5/8/2015,false,"$1,945.00"
5/11/2015,false,"$1,885.00"
5/12/2015,false,"$1,890.00"
5/13/2015,false,"$1,895.00"
5/14/2015,false,"$1,900.00"
5/15/2015,false,"$1,890.00"
5/18/2015,true,"$1,890.00"
5/19/2015,true,"$1,900.00"
5/20/2015,false,"$1,890.00"
5/21/2015,true,"$1,890.00"
5/22/2015,true,"$1,890.00"
5/26/2015,true,"$1,860.00"
5/27/2015,true,"$1,870.00"
5/28/2015,true,"$1,865.00"
5/29/2015,true,"$1,860.00"
6/1/2015,false,"$1,850.00"
6/2/2015,false,"$1,902.00"
6/3/2015,false,"$1,910.00"
6/4/2015,false,"$1,908.00"
6/5/2015,false,"$1,900.00"
6/8/2015,false,"$1,920.00"
6/9/2015,false,"$1,930.00"
6/10/2015,false,"$1,900.00"
6/11/2015,false,"$1,895.00"
6/12/2015,false,"$1,903.00"
6/15/2015,false,"$1,875.00"
6/16/2015,false,"$1,910.00"
6/17/2015,false,"$1,950.00"
6/18/2015,false,"$1,950.00"
6/19/2015,false,"$1,900.00"
6/22/2015,false,"$1,950.00"
6/23/2015,false,"$1,920.00"
6/24/2015,false,"$1,950.00"
6/25/2015,false,"$1,975.00"
6/26/2015,false,"$1,980.00"
6/29/2015,false,"$1,920.00"
6/30/2015,false,"$2,000.00"
7/1/2015,false,"$1,995.00"
7/2/2015,false,"$2,023.00"
7/3/2015,false,"$2,020.00"
7/6/2015,false,"$2,020.00"
7/7/2015,false,"$2,003.00"
7/8/2015,false,"$2,050.00"
7/10/2015,false,"$2,105.00"
7/13/2015,false,"$2,105.00"
7/14/2015,false,"$2,115.00"
7/15/2015,false,"$2,117.00"
7/16/2015,false,"$2,130.00"
7/17/2015,false,"$2,130.00"
7/20/2015,false,"$2,110.00"
7/21/2015,false,"$2,135.00"
7/22/2015,false,"$2,180.00"
7/23/2015,false,"$2,135.00"
7/24/2015,true,"$2,100.00"
7/27/2015,true,"$2,000.00"
7/28/2015,false,"$2,030.00"
7/29/2015,false,"$2,120.00"
7/30/2015,false,"$2,100.00"
7/31/2015,false,"$2,050.00"
8/3/2015,false,"$2,055.00"
8/4/2015,false,"$2,095.00"
8/5/2015,false,"$2,105.00"
8/6/2015,false,"$2,090.00"
8/7/2015,false,"$2,105.00"
8/10/2015,false,"$2,160.00"
8/11/2015,false,"$2,110.00"
8/12/2015,true,"$2,000.00"
8/13/2015,false,"$2,050.00"
8/14/2015,false,"$2,050.00"
8/18/2015,false,"$2,080.00"
8/19/2015,false,"$2,085.00"
8/20/2015,false,"$2,140.00"
8/21/2015,false,"$2,130.00"
8/24/2015,true,"$2,100.00"
8/25/2015,false,"$2,140.00"
8/26/2015,true,"$2,100.00"
8/27/2015,true,"$2,120.00"
8/28/2015,true,"$2,150.00"
8/31/2015,false,"$2,150.00"
9/1/2015,false,"$2,120.00"
9/2/2015,false,"$2,130.00"
9/3/2015,false,"$2,110.00"
9/4/2015,false,"$2,110.00"
9/7/2015,true,"$2,100.00"
9/8/2015,false,"$2,120.00"
9/9/2015,false,"$2,130.00"
9/10/2015,false,"$2,145.00"
9/11/2015,false,"$2,145.00"
9/14/2015,false,"$2,160.00"
9/15/2015,false,"$2,155.00"
9/16/2015,false,"$2,135.00"
9/17/2015,false,"$2,115.00"
9/18/2015,true,"$2,070.00"
9/21/2015,false,"$2,110.00"
9/22/2015,false,"$2,095.00"
9/23/2015,false,"$2,100.00"
9/24/2015,false,"$2,100.00"
9/25/2015,false,"$2,140.00"
9/28/2015,false,"$2,100.00"
9/29/2015,false,"$2,145.00"
9/30/2015,true,"$2,130.00"
10/1/2015,true,"$2,100.00"
10/2/2015,true,"$2,090.00"
10/5/2015,false,"$2,120.00"
10/6/2015,false,"$2,190.00"
10/7/2015,true,"$2,185.00"
10/8/2015,false,"$2,135.00"
10/9/2015,false,"$2,170.00"
10/13/2015,false,"$2,210.00"
10/14/2015,false,"$2,205.00"
10/15/2015,false,"$2,205.00"
10/16/2015,false,"$2,200.00"
10/19/2015,false,"$2,195.00"
10/20/2015,false,"$2,210.00"
10/21/2015,false,"$2,225.00"
10/22/2015,false,"$2,240.00"
10/23/2015,false,"$2,260.00"
10/26/2015,false,"$2,300.00"
10/27/2015,false,"$2,300.00"
10/28/2015,true,"$2,240.00"
10/29/2015,false,"$2,190.00"
10/30/2015,false,"$2,300.00"
11/2/2015,true,"$2,290.00"
11/3/2015,false,"$2,290.00"
11/4/2015,false,"$2,290.00"
11/5/2015,true,"$2,280.00"
11/9/2015,true,"$2,280.00"
11/10/2015,true,"$2,280.00"
11/11/2015,false,"$2,310.00"
11/12/2015,false,"$2,355.00"
11/13/2015,false,"$2,345.00"
11/16/2015,true,"$2,350.00"
11/17/2015,false,"$2,430.00"
11/18/2015,false,"$2,545.00"
11/19/2015,false,"$2,570.00"
11/20/2015,false,"$2,550.00"
11/23/2015,true,"$2,550.00"
11/24/2015,true,"$2,530.00"
11/25/2015,true,"$2,550.00"
11/26/2015,true,"$2,550.00"
11/30/2015,true,"$2,550.00"
12/1/2015,true,"$2,550.00"
12/2/2015,true,"$2,560.00"
12/3/2015,true,"$2,570.00"
12/4/2015,false,"$2,850.00"
12/9/2015,false,"$2,960.00"
12/10/2015,false,"$3,000.00"
12/11/2015,false,"$3,000.00"
12/14/2015,false,"$3,000.00"
12/15/2015,false,"$3,000.00"
12/16/2015,true,"$2,950.00"
12/17/2015,true,"$2,900.00"
12/18/2015,false,"$3,000.00"
12/21/2015,false,"$2,900.00"
12/22/2015,false,"$3,000.00"
12/23/2015,false,"$3,000.00"
12/28/2015,false,"$2,910.00"
12/29/2015,false,"$2,950.00"
12/30/2015,false,"$3,000.00"
1/4/2016,false,"$2,935.00"
1/5/2016,false,"$3,015.00"
1/6/2016,false,"$3,080.00"
1/7/2016,false,"$3,120.00"
1/8/2016,false,"$3,115.00"
1/11/2016,false,"$3,120.00"
1/12/2016,false,"$3,130.00"
1/13/2016,false,"$3,140.00"
1/14/2016,false,"$3,100.00"
1/15/2016,false,"$3,135.00"
1/18/2016,false,"$3,150.00"
1/19/2016,false,"$3,210.00"
1/20/2016,false,"$3,200.00"
1/21/2016,false,"$3,230.00"
1/22/2016,false,"$3,265.00"
1/25/2016,false,"$3,280.00"
1/26/2016,false,"$3,290.00"
1/27/2016,false,"$3,315.00"
1/28/2016,false,"$3,260.00"
1/29/2016,false,"$3,300.00"
2/1/2016,false,"$3,325.00"
2/2/2016,false,"$3,375.00"
2/3/2016,false,"$3,350.00"
2/4/2016,false,"$3,370.00"
2/5/2016,false,"$3,400.00"
2/10/2016,false,"$3,370.00"
2/11/2016,false,"$3,430.00"
2/12/2016,false,"$3,495.00"
2/15/2016,false,"$3,495.00"
2/16/2016,false,"$3,510.00"
2/17/2016,false,"$3,565.00"
2/18/2016,false,"$3,565.00"
2/19/2016,false,"$3,565.00"
2/22/2016,false,"$3,625.00"
2/23/2016,false,"$3,650.00"
2/24/2016,false,"$3,650.00"
2/25/2016,false,"$3,640.00"
2/26/2016,false,"$3,600.00"
2/29/2016,false,"$3,670.00"
3/1/2016,false,"$3,700.00"
3/2/2016,false,"$3,600.00"
3/3/2016,false,"$3,550.00"
3/4/2016,false,"$3,560.00"
3/7/2016,false,"$3,590.00"
3/8/2016,false,"$3,540.00"
3/9/2016,false,"$3,420.00"
3/10/2016,false,"$3,460.00"
3/11/2016,false,"$3,300.00"
3/14/2016,false,"$3,300.00"
3/15/2016,false,"$3,190.00"
3/16/2016,false,"$3,075.00"
3/17/2016,false,"$3,120.00"
3/18/2016,false,"$3,170.00"
3/21/2016,false,"$3,150.00"
3/22/2016,false,"$3,120.00"
3/23/2016,false,"$3,090.00"
3/28/2016,false,"$3,060.00"
3/29/2016,false,"$3,150.00"
3/30/2016,false,"$3,065.00"
3/31/2016,false,"$3,070.00"
4/1/2016,false,"$3,170.00"
4/4/2016,false,"$3,190.00"
4/5/2016,false,"$3,170.00"
4/6/2016,false,"$3,210.00"
4/7/2016,false,"$3,180.00"
4/8/2016,false,"$3,270.00"
4/11/2016,false,"$3,290.00"
4/12/2016,false,"$3,390.00"
4/13/2016,false,"$3,420.00"
4/14/2016,false,"$3,430.00"
4/15/2016,false,"$3,460.00"
4/18/2016,false,"$3,460.00"
4/19/2016,false,"$3,540.00"
4/20/2016,false,"$3,500.00"
4/21/2016,false,"$3,625.00"
4/22/2016,false,"$3,390.00"
4/25/2016,false,"$3,510.00"
4/26/2016,false,"$3,570.00"
4/27/2016,false,"$3,515.00"
4/28/2016,false,"$3,605.00"
4/29/2016,false,"$3,610.00"
5/2/2016,false,"$3,610.00"
5/3/2016,false,"$3,600.00"
5/4/2016,false,"$3,620.00"
5/5/2016,false,"$3,590.00"
5/6/2016,false,"$3,630.00"
5/9/2016,false,"$3,650.00"
5/10/2016,false,"$3,850.00"
5/11/2016,false,"$3,930.00"
5/12/2016,false,"$3,900.00"
5/13/2016,false,"$3,870.00"
5/16/2016,false,"$3,900.00"
5/17/2016,false,"$4,000.00"
5/18/2016,false,"$3,950.00"
5/19/2016,false,"$3,950.00"
5/20/2016,false,"$4,000.00"
5/23/2016,false,"$3,950.00"
5/24/2016,false,"$3,975.00"
5/26/2016,false,"$4,010.00"
5/27/2016,false,"$4,000.00"
5/30/2016,false,"$4,020.00"
5/31/2016,false,"$4,010.00"
6/1/2016,false,"$4,030.00"
6/2/2016,false,"$4,130.00"
6/3/2016,false,"$4,090.00"
6/6/2016,false,"$4,105.00"
6/7/2016,false,"$4,070.00"
6/8/2016,false,"$4,180.00"
6/9/2016,false,"$4,190.00"
6/10/2016,false,"$4,190.00"
6/13/2016,false,"$4,090.00"
6/14/2016,false,"$4,000.00"
6/15/2016,false,"$4,025.00"
6/16/2016,false,"$3,975.00"
6/21/2016,false,"$3,960.00"
6/22/2016,false,"$4,020.00"
6/23/2016,false,"$4,040.00"
6/24/2016,false,"$4,125.00"
6/27/2016,false,"$4,300.00"
6/28/2016,false,"$4,350.00"
6/29/2016,false,"$4,425.00"
6/30/2016,false,"$4,560.00"
7/1/2016,false,"$4,560.00"
7/4/2016,false,"$4,530.00"
7/5/2016,false,"$4,320.00"
7/6/2016,false,"$4,230.00"
7/7/2016,false,"$4,160.00"
7/11/2016,false,"$4,200.00"
7/12/2016,false,"$4,280.00"
7/13/2016,false,"$4,360.00"
7/14/2016,false,"$4,240.00"
7/15/2016,false,"$4,330.00"
7/18/2016,false,"$4,420.00"
7/19/2016,false,"$4,350.00"
7/20/2016,true,"$4,250.00"
7/21/2016,false,"$4,230.00"
7/22/2016,false,"$4,130.00"
7/25/2016,false,"$4,080.00"
7/26/2016,false,"$4,200.00"
7/27/2016,false,"$4,230.00"
7/28/2016,true,"$4,210.00"
7/29/2016,false,"$4,275.00"
8/1/2016,true,"$4,020.00"
8/2/2016,true,"$4,020.00"
8/3/2016,false,"$4,100.00"
8/4/2016,false,"$4,090.00"
8/5/2016,false,"$4,140.00"
8/8/2016,false,"$4,120.00"
8/9/2016,false,"$4,190.00"
8/10/2016,false,"$4,130.00"
8/11/2016,false,"$4,110.00"
8/12/2016,false,"$4,110.00"
8/16/2016,false,"$4,200.00"
8/17/2016,false,"$4,220.00"
8/18/2016,false,"$4,250.00"
8/19/2016,false,"$4,200.00"
8/22/2016,false,"$4,200.00"
8/23/2016,false,"$4,200.00"
8/24/2016,false,"$4,150.00"
8/25/2016,false,"$4,070.00"
8/26/2016,false,"$4,050.00"
8/29/2016,false,"$4,060.00"
8/30/2016,false,"$4,000.00"
8/31/2016,true,"$3,950.00"
9/1/2016,false,"$3,880.00"
9/2/2016,false,"$3,860.00"
9/5/2016,false,"$3,880.00"
9/6/2016,false,"$3,880.00"
9/7/2016,false,"$4,000.00"
9/8/2016,false,"$4,000.00"
9/9/2016,false,"$4,000.00"
9/12/2016,false,"$3,900.00"
9/13/2016,false,"$3,800.00"
9/14/2016,false,"$3,800.00"
9/15/2016,false,"$3,890.00"
9/16/2016,false,"$3,990.00"
9/19/2016,false,"$4,000.00"
9/20/2016,false,"$4,050.00"
9/21/2016,false,"$3,990.00"
9/22/2016,false,"$4,000.00"
9/23/2016,false,"$3,900.00"
9/26/2016,false,"$3,860.00"
9/27/2016,false,"$3,900.00"
9/28/2016,false,"$3,900.00"
9/29/2016,false,"$3,950.00"
9/30/2016,false,"$3,950.00"
10/3/2016,false,"$4,000.00"
10/4/2016,false,"$3,950.00"
10/5/2016,false,"$3,950.00"
10/6/2016,true,"$3,950.00"
10/11/2016,true,"$3,940.00"
10/12/2016,false,"$3,920.00"
10/13/2016,false,"$3,950.00"
10/14/2016,false,"$4,000.00"
10/17/2016,false,"$4,000.00"
10/18/2016,false,"$4,000.00"
10/19/2016,false,"$4,000.00"
10/20/2016,false,"$4,000.00"
10/21/2016,false,"$4,000.00"
10/24/2016,false,"$4,030.00"
10/25/2016,false,"$4,000.00"
10/26/2016,false,"$4,070.00"
10/27/2016,false,"$4,110.00"
10/28/2016,false,"$4,100.00"
10/31/2016,false,"$4,060.00"
11/1/2016,true,"$3,970.00"
11/2/2016,false,"$3,960.00"
11/3/2016,false,"$3,960.00"
11/4/2016,false,"$3,970.00"
11/7/2016,false,"$4,000.00"
11/8/2016,false,"$4,045.00"
11/9/2016,true,"$3,950.00"
11/10/2016,false,"$3,985.00"
11/11/2016,false,"$3,950.00"
11/14/2016,false,"$4,040.00"
11/15/2016,false,"$4,020.00"
11/16/2016,false,"$4,050.00"
11/17/2016,false,"$4,030.00"
11/18/2016,false,"$4,030.00"
11/21/2016,false,"$4,090.00"
11/22/2016,false,"$4,105.00"
11/23/2016,false,"$4,100.00"
11/24/2016,false,"$4,080.00"
11/25/2016,false,"$4,050.00"
11/29/2016,false,"$4,090.00"
11/30/2016,false,"$4,145.00"
12/1/2016,false,"$4,125.00"
12/2/2016,false,"$4,145.00"
12/5/2016,false,"$4,205.00"
12/6/2016,false,"$4,200.00"
12/7/2016,false,"$4,200.00"
12/12/2016,false,"$4,160.00"
12/13/2016,false,"$4,200.00"
12/14/2016,false,"$4,175.00"
12/15/2016,false,"$4,250.00"
12/16/2016,false,"$4,220.00"
12/19/2016,false,"$4,200.00"
12/20/2016,false,"$4,150.00"
12/21/2016,false,"$4,200.00"
12/22/2016,false,"$4,130.00"
12/23/2016,true,"$4,100.00"
12/26/2016,true,"$4,070.00"
12/27/2016,false,"$4,130.00"
12/28/2016,false,"$4,088.00"
12/29/2016,false,"$4,200.00"
12/30/2016,false,"$4,170.00"
1/2/2017,false,"$4,170.00"
1/3/2017,false,"$4,180.00"
1/4/2017,false,"$4,295.00"
1/5/2017,false,"$4,275.00"
1/6/2017,false,"$4,150.00"
1/9/2017,false,"$4,210.00"
1/10/2017,false,"$4,295.00"
1/11/2017,false,"$4,285.00"
1/12/2017,false,"$4,360.00"
1/13/2017,false,"$4,440.00"
1/16/2017,false,"$4,475.00"
1/17/2017,false,"$4,550.00"
1/18/2017,false,"$4,600.00"
1/19/2017,false,"$4,550.00"
1/20/2017,false,"$4,520.00"
1/23/2017,false,"$4,500.00"
1/24/2017,false,"$4,470.00"
1/25/2017,false,"$4,475.00"
1/26/2017,false,"$4,415.00"
1/27/2017,false,"$4,400.00"
1/30/2017,false,"$4,225.00"
1/31/2017,false,"$4,290.00"
2/1/2017,false,"$4,300.00"
2/2/2017,false,"$4,260.00"
2/3/2017,false,"$4,210.00"
2/6/2017,false,"$4,250.00"
2/7/2017,false,"$4,270.00"
2/8/2017,false,"$4,330.00"
2/9/2017,false,"$4,300.00"
2/10/2017,false,"$4,300.00"
2/13/2017,false,"$4,300.00"
2/14/2017,false,"$4,250.00"
2/15/2017,false,"$4,250.00"
2/16/2017,false,"$4,165.00"
2/17/2017,false,"$4,205.00"
2/20/2017,false,"$4,200.00"
2/21/2017,false,"$4,150.00"
2/22/2017,false,"$4,120.00"
2/23/2017,false,"$4,015.00"
2/24/2017,false,"$4,000.00"
3/1/2017,false,"$4,080.00"
3/2/2017,false,"$4,040.00"
3/3/2017,false,"$3,995.00"
3/6/2017,false,"$3,930.00"
3/7/2017,false,"$3,900.00"
3/8/2017,false,"$3,900.00"
3/9/2017,false,"$3,850.00"
3/10/2017,false,"$3,850.00"
3/13/2017,false,"$3,880.00"
3/14/2017,false,"$3,880.00"
3/15/2017,false,"$3,880.00"
3/16/2017,false,"$3,910.00"
3/17/2017,false,"$3,880.00"
3/20/2017,false,"$3,770.00"
3/21/2017,false,"$3,770.00"
3/22/2017,false,"$3,770.00"
3/23/2017,false,"$3,750.00"
3/27/2017,false,"$3,630.00"
3/28/2017,false,"$3,660.00"
3/29/2017,false,"$3,530.00"
3/30/2017,false,"$3,540.00"
3/31/2017,false,"$3,450.00"
4/3/2017,false,"$3,480.00"
4/4/2017,false,"$3,550.00"
4/5/2017,false,"$3,630.00"
4/6/2017,false,"$3,500.00"
4/7/2017,true,"$3,470.00"
4/10/2017,false,"$3,590.00"
4/11/2017,false,"$3,520.00"
4/12/2017,true,"$3,500.00"
4/17/2017,false,"$3,490.00"
4/18/2017,false,"$3,505.00"
4/19/2017,false,"$3,600.00"
4/20/2017,false,"$3,600.00"
4/21/2017,false,"$3,620.00"
4/24/2017,false,"$3,660.00"
4/25/2017,false,"$3,675.00"
4/26/2017,false,"$3,700.00"
4/27/2017,false,"$3,700.00"
4/28/2017,false,"$3,625.00"
5/2/2017,false,"$3,640.00"
5/3/2017,false,"$3,690.00"
5/4/2017,false,"$3,705.00"
5/5/2017,false,"$3,725.00"
5/8/2017,false,"$3,660.00"
5/9/2017,false,"$3,750.00"
5/10/2017,false,"$3,765.00"
5/11/2017,false,"$3,715.00"
5/12/2017,false,"$3,710.00"
5/15/2017,false,"$3,770.00"
5/16/2017,false,"$3,820.00"
5/17/2017,false,"$3,880.00"
5/18/2017,false,"$3,870.00"
5/19/2017,false,"$3,900.00"
5/22/2017,false,"$4,000.00"
5/23/2017,false,"$3,950.00"
5/24/2017,false,"$3,950.00"
5/26/2017,false,"$3,890.00"
5/29/2017,false,"$3,850.00"
5/30/2017,false,"$3,850.00"
5/31/2017,false,"$3,850.00"
6/1/2017,false,"$3,900.00"
6/2/2017,false,"$3,905.00"
6/5/2017,false,"$3,940.00"
6/6/2017,false,"$4,000.00"
6/7/2017,false,"$3,990.00"
6/8/2017,false,"$4,000.00"
6/9/2017,false,"$3,900.00"
6/12/2017,false,"$3,830.00"
6/13/2017,false,"$3,800.00"
6/14/2017,false,"$3,800.00"
6/15/2017,false,"$3,790.00"
6/16/2017,false,"$3,750.00"
6/19/2017,false,"$3,710.00"
6/21/2017,false,"$3,720.00"
6/22/2017,false,"$3,670.00"
6/23/2017,false,"$3,670.00"
6/26/2017,false,"$3,675.00"
6/27/2017,false,"$3,710.00"
6/28/2017,false,"$3,670.00"
6/29/2017,false,"$3,700.00"
6/30/2017,false,"$3,880.00"
7/3/2017,false,"$4,000.00"
7/4/2017,false,"$3,985.00"
7/5/2017,false,"$4,010.00"
7/6/2017,false,"$4,090.00"
7/7/2017,false,"$4,125.00"
7/10/2017,false,"$4,200.00"
7/11/2017,false,"$4,200.00"
7/12/2017,false,"$4,150.00"
7/13/2017,false,"$3,980.00"
7/14/2017,false,"$4,060.00"
7/17/2017,false,"$4,040.00"
7/18/2017,false,"$4,160.00"
7/19/2017,false,"$4,260.00"
7/20/2017,false,"$4,290.00"
7/21/2017,false,"$4,280.00"
7/24/2017,false,"$4,300.00"
7/25/2017,false,"$4,250.00"
7/26/2017,false,"$4,330.00"
7/27/2017,false,"$4,400.00"
7/28/2017,false,"$4,470.00"
7/31/2017,false,"$4,400.00"
8/1/2017,false,"$4,230.00"
8/2/2017,false,"$4,300.00"
8/3/2017,false,"$4,300.00"
8/4/2017,false,"$4,300.00"
8/7/2017,false,"$4,350.00"
8/8/2017,false,"$4,410.00"
8/9/2017,false,"$4,400.00"
8/10/2017,false,"$4,200.00"
8/11/2017,false,"$4,230.00"
8/14/2017,true,"$4,000.00"
8/15/2017,true,"$3,990.00"
8/16/2017,false,"$4,100.00"
8/17/2017,false,"$4,200.00"
8/18/2017,false,"$4,250.00"
8/22/2017,false,"$4,270.00"
8/23/2017,false,"$4,260.00"
8/24/2017,false,"$4,310.00"
8/25/2017,false,"$4,300.00"
8/28/2017,false,"$4,290.00"
8/29/2017,false,"$4,300.00"
8/30/2017,false,"$4,300.00"
8/31/2017,false,"$4,305.00"
9/1/2017,false,"$4,300.00"
9/4/2017,false,"$4,300.00"
9/5/2017,false,"$4,370.00"
9/6/2017,false,"$4,400.00"
9/7/2017,true,"$4,320.00"
9/8/2017,true,"$4,290.00"
9/11/2017,false,"$4,250.00"
9/12/2017,false,"$4,200.00"
9/13/2017,false,"$4,300.00"
9/14/2017,false,"$4,310.00"
9/15/2017,true,"$4,230.00"
9/18/2017,false,"$4,275.00"
9/19/2017,false,"$4,250.00"
9/20/2017,false,"$4,300.00"
9/21/2017,false,"$4,350.00"
9/22/2017,false,"$4,400.00"
9/25/2017,false,"$4,400.00"
9/26/2017,false,"$4,400.00"
9/27/2017,false,"$4,400.00"
9/28/2017,false,"$4,400.00"
9/29/2017,false,"$4,380.00"
10/2/2017,false,"$4,350.00"
10/3/2017,false,"$4,390.00"
10/4/2017,false,"$4,375.00"
10/5/2017,false,"$4,400.00"
10/6/2017,false,"$4,400.00"
10/9/2017,true,"$4,380.00"
10/10/2017,false,"$4,400.00"
10/11/2017,false,"$4,400.00"
10/12/2017,false,"$4,450.00"
10/13/2017,false,"$4,450.00"
10/17/2017,true,"$4,370.00"
10/18/2017,true,"$4,390.00"
10/19/2017,false,"$4,400.00"
10/20/2017,true,"$4,370.00"
10/23/2017,false,"$4,370.00"
10/24/2017,false,"$4,400.00"
10/25/2017,false,"$4,400.00"
10/26/2017,false,"$4,380.00"
10/27/2017,false,"$4,420.00"
10/30/2017,false,"$4,425.00"
10/31/2017,false,"$4,425.00"
11/1/2017,false,"$4,470.00"
11/2/2017,false,"$4,495.00"
11/3/2017,false,"$4,465.00"
11/6/2017,false,"$4,440.00"
11/7/2017,false,"$4,475.00"
11/8/2017,false,"$4,465.00"
11/9/2017,false,"$4,410.00"
11/10/2017,false,"$4,475.00"
11/13/2017,true,"$4,450.00"
11/14/2017,true,"$4,400.00"
11/15/2017,false,"$4,420.00"
11/16/2017,false,"$4,450.00"
11/17/2017,false,"$4,500.00"
11/21/2017,false,"$4,510.00"
11/22/2017,false,"$4,555.00"
11/23/2017,false,"$4,555.00"
11/24/2017,false,"$4,510.00"
11/27/2017,false,"$4,500.00"
11/28/2017,false,"$4,490.00"
11/29/2017,false,"$4,600.00"
11/30/2017,false,"$4,555.00"
12/1/2017,false,"$4,570.00"
12/4/2017,false,"$4,620.00"
12/5/2017,false,"$4,700.00"
12/6/2017,true,"$4,600.00"
12/7/2017,false,"$4,570.00"
12/11/2017,false,"$4,500.00"
12/12/2017,false,"$4,560.00"
12/13/2017,true,"$4,450.00"
12/14/2017,true,"$4,400.00"
12/15/2017,false,"$4,495.00"
12/18/2017,true,"$4,420.00"
12/19/2017,true,"$4,420.00"
12/20/2017,false,"$4,500.00"
12/21/2017,false,"$4,505.00"
12/22/2017,false,"$4,510.00"
12/26/2017,false,"$4,660.00"
12/27/2017,false,"$4,700.00"
12/28/2017,false,"$4,780.00"
12/29/2017,false,"$4,720.00"
1/2/2018,false,"$4,755.00"
1/3/2018,false,"$4,805.00"
1/4/2018,false,"$4,900.00"
1/5/2018,false,"$5,005.00"
1/8/2018,false,"$5,010.00"
1/9/2018,false,"$5,025.00"
1/10/2018,true,"$4,950.00"
1/11/2018,false,"$4,950.00"
1/12/2018,false,"$4,950.00"
1/15/2018,false,"$4,965.00"
1/16/2018,false,"$5,060.00"
1/17/2018,false,"$5,060.00"
1/18/2018,false,"$5,060.00"
1/19/2018,false,"$5,160.00"
1/22/2018,false,"$5,240.00"
1/23/2018,false,"$5,300.00"
1/24/2018,false,"$5,400.00"
1/25/2018,false,"$5,400.00"
1/26/2018,false,"$5,400.00"
1/29/2018,false,"$5,465.00"
1/30/2018,false,"$5,535.00"
1/31/2018,false,"$5,545.00"
2/1/2018,true,"$5,400.00"
2/2/2018,false,"$5,450.00"
2/5/2018,false,"$5,400.00"
2/6/2018,false,"$5,500.00"
2/7/2018,false,"$5,500.00"
2/8/2018,false,"$5,650.00"
2/9/2018,false,"$5,700.00"
2/14/2018,false,"$5,880.00"
2/15/2018,false,"$5,860.00"
2/16/2018,false,"$5,910.00"
2/19/2018,false,"$5,920.00"
2/20/2018,false,"$6,000.00"
2/21/2018,false,"$6,050.00"
2/22/2018,false,"$6,010.00"
2/23/2018,false,"$6,025.00"
2/26/2018,false,"$6,030.00"
2/27/2018,false,"$6,220.00"
2/28/2018,false,"$6,300.00"
3/1/2018,false,"$6,310.00"
3/2/2018,false,"$6,350.00"
3/5/2018,false,"$6,320.00"
3/6/2018,false,"$6,180.00"
3/7/2018,false,"$6,080.00"
3/8/2018,false,"$6,100.00"
3/9/2018,false,"$5,950.00"
3/12/2018,false,"$5,940.00"
3/13/2018,false,"$5,995.00"
3/14/2018,false,"$5,850.00"
3/15/2018,false,"$5,900.00"
3/16/2018,false,"$5,850.00"
3/19/2018,false,"$5,680.00"
3/20/2018,false,"$5,700.00"
3/21/2018,false,"$5,760.00"
3/22/2018,false,"$5,740.00"
3/23/2018,false,"$5,730.00"
3/26/2018,false,"$5,800.00"
3/27/2018,false,"$5,900.00"
3/28/2018,false,"$5,908.00"
4/3/2018,false,"$6,095.00"
4/4/2018,false,"$6,100.00"
4/5/2018,false,"$6,200.00"
4/6/2018,false,"$6,320.00"
4/9/2018,false,"$6,495.00"
4/10/2018,false,"$6,200.00"
4/11/2018,false,"$6,200.00"
4/12/2018,false,"$6,230.00"
4/13/2018,false,"$6,100.00"
4/16/2018,false,"$6,000.00"
4/17/2018,false,"$5,990.00"
4/18/2018,false,"$5,950.00"
4/19/2018,false,"$5,960.00"
4/20/2018,false,"$6,040.00"
4/23/2018,false,"$6,100.00"
4/24/2018,false,"$6,200.00"
4/25/2018,false,"$6,300.00"
4/26/2018,false,"$6,420.00"
4/27/2018,false,"$6,525.00"
5/2/2018,false,"$6,725.00"
5/3/2018,false,"$7,175.00"
5/4/2018,false,"$6,890.00"
5/7/2018,false,"$6,900.00"
5/8/2018,false,"$7,190.00"
5/9/2018,false,"$7,130.00"
5/10/2018,false,"$7,100.00"
5/11/2018,false,"$7,200.00"
5/14/2018,false,"$7,750.00"
5/15/2018,false,"$7,450.00"
5/16/2018,false,"$7,480.00"
5/17/2018,false,"$7,290.00"
5/18/2018,false,"$7,250.00"
5/21/2018,false,"$7,320.00"
5/22/2018,false,"$7,250.00"
5/23/2018,false,"$7,350.00"
5/24/2018,false,"$7,000.00"
5/28/2018,false,"$7,000.00"
5/29/2018,false,"$7,100.00"
5/30/2018,false,"$7,200.00"
5/31/2018,false,"$7,300.00"
6/1/2018,false,"$7,300.00"
6/4/2018,false,"$7,130.00"
6/5/2018,false,"$7,180.00"
6/6/2018,false,"$7,280.00"
6/7/2018,false,"$7,200.00"
6/8/2018,false,"$7,220.00"
6/11/2018,false,"$7,200.00"
6/12/2018,false,"$7,290.00"
6/13/2018,false,"$7,295.00"
6/14/2018,false,"$7,620.00"
6/15/2018,false,"$7,800.00"
6/18/2018,false,"$7,600.00"
6/19/2018,false,"$7,600.00"
6/21/2018,false,"$7,615.00"
6/22/2018,false,"$7,620.00"
6/25/2018,false,"$7,550.00"
6/26/2018,false,"$7,550.00"
6/27/2018,false,"$7,600.00"
6/28/2018,false,"$7,740.00"
6/29/2018,false,"$8,090.00"
7/2/2018,false,"$7,990.00"
7/3/2018,false,"$7,740.00"
7/4/2018,false,"$7,730.00"
7/5/2018,false,"$7,800.00"
7/6/2018,false,"$8,010.00"
7/10/2018,false,"$7,780.00"
7/11/2018,false,"$7,720.00"
7/12/2018,false,"$7,700.00"
7/13/2018,false,"$7,610.00"
7/16/2018,false,"$7,710.00"
7/17/2018,false,"$7,710.00"
7/18/2018,false,"$7,720.00"
7/19/2018,false,"$7,700.00"
7/20/2018,false,"$7,670.00"
7/23/2018,false,"$7,650.00"
7/24/2018,false,"$7,650.00"
7/25/2018,false,"$7,600.00"
7/26/2018,false,"$7,600.00"
7/27/2018,false,"$7,600.00"
7/30/2018,false,"$7,620.00"
7/31/2018,false,"$7,720.00"
8/1/2018,false,"$7,600.00"
8/2/2018,true,"$7,100.00"
8/3/2018,true,"$7,100.00"
8/6/2018,false,"$7,220.00"
8/7/2018,false,"$7,300.00"
8/8/2018,false,"$7,500.00"
8/9/2018,false,"$7,605.00"
8/10/2018,false,"$7,605.00"
8/13/2018,false,"$8,000.00"
8/14/2018,false,"$7,700.00"
8/15/2018,false,"$7,800.00"
8/16/2018,false,"$8,000.00"
8/17/2018,false,"$7,900.00"
8/21/2018,false,"$7,900.00"
8/22/2018,false,"$7,900.00"
8/23/2018,false,"$7,720.00"
8/24/2018,false,"$7,930.00"
8/27/2018,false,"$7,820.00"
8/28/2018,false,"$7,900.00"
8/29/2018,false,"$8,270.00"
8/30/2018,false,"$9,000.00"
8/31/2018,false,"$9,000.00"
9/3/2018,true, $-   
9/4/2018,false,"$9,120.00"
9/5/2018,false,"$9,150.00"
9/6/2018,false,"$9,100.00"
9/7/2018,false,"$9,210.00"
9/10/2018,false,"$9,320.00"
9/11/2018,false,"$9,510.00"
9/12/2018,false,"$9,500.00"
9/13/2018,false,"$9,720.00"
9/14/2018,false,"$9,750.00"
9/17/2018,false,"$9,550.00"
9/18/2018,false,"$9,580.00"
9/19/2018,false,"$9,740.00"
9/20/2018,false,"$9,600.00"
9/21/2018,true,"$9,200.00"
9/24/2018,false,"$9,250.00"
9/25/2018,true,"$9,580.00"
9/26/2018,false,"$9,800.00"
9/27/2018,false,"$10,015.00"
9/28/2018,false,"$10,560.00"
10/1/2018,false,"$10,150.00"
10/2/2018,true,"$9,750.00"
10/3/2018,false,"$9,720.00"
10/4/2018,false,"$10,170.00"
10/5/2018,false,"$10,110.00"
10/8/2018,false,"$9,980.00"
10/9/2018,false,"$9,650.00"
10/10/2018,true,"$9,450.00"
10/11/2018,false,"$9,340.00"
10/16/2018,true,"$9,300.00"
10/17/2018,false,"$9,410.00"
10/18/2018,false,"$9,340.00"
10/19/2018,false,"$9,200.00"
10/22/2018,false,"$9,150.00"
10/23/2018,false,"$9,130.00"
10/24/2018,false,"$9,100.00"
10/25/2018,false,"$8,850.00"
10/26/2018,false,"$9,020.00"
10/29/2018,false,"$9,050.00"
10/30/2018,false,"$9,050.00"
10/31/2018,false,"$8,750.00"
11/1/2018,false,"$9,050.00"
11/2/2018,false,"$9,050.00"
11/5/2018,false,"$8,840.00"
11/6/2018,false,"$8,800.00"
11/7/2018,false,"$8,820.00"
11/8/2018,false,"$8,720.00"
11/9/2018,false,"$8,700.00"
11/12/2018,false,"$8,660.00"
11/13/2018,false,"$8,900.00"
11/14/2018,false,"$8,870.00"
11/15/2018,false,"$8,900.00"
11/16/2018,true,"$8,840.00"
11/20/2018,false,"$8,850.00"
11/21/2018,false,"$8,900.00"
11/22/2018,false,"$8,830.00"
11/23/2018,false,"$9,000.00"
11/26/2018,false,"$9,200.00"
11/27/2018,false,"$9,230.00"
11/28/2018,false,"$9,400.00"
11/29/2018,false,"$9,200.00"
11/30/2018,false,"$9,230.00"
12/3/2018,false,"$9,070.00"
12/4/2018,false,"$9,200.00"
12/5/2018,false,"$9,230.00"
12/6/2018,false,"$9,160.00"
12/7/2018,false,"$9,020.00"
12/10/2018,false,"$9,150.00"
12/11/2018,false,"$9,100.00"
12/12/2018,false,"$9,120.00"
12/13/2018,false,"$9,050.00"
12/14/2018,true,"$9,050.00"
12/17/2018,false,"$9,080.00"
12/18/2018,false,"$9,130.00"
12/19/2018,false,"$9,120.00"
12/20/2018,false,"$9,020.00"
12/21/2018,true,"$8,990.00"
12/26/2018,false,"$8,960.00"
12/27/2018,false,"$9,000.00"
12/28/2018,false,"$9,020.00"
1/2/2019,false,"$9,180.00"
1/3/2019,false,"$9,200.00"
1/4/2019,false,"$9,280.00"
1/7/2019,false,"$9,230.00"
1/8/2019,false,"$9,220.00"
1/9/2019,false,"$9,295.00"
1/10/2019,false,"$9,050.00"
1/11/2019,false,"$9,050.00"
1/14/2019,false,"$8,970.00"
1/15/2019,false,"$8,920.00"
1/16/2019,false,"$9,100.00"
1/17/2019,false,"$9,300.00"
1/18/2019,false,"$9,390.00"
1/21/2019,false,"$9,380.00"
1/22/2019,false,"$9,310.00"
1/23/2019,false,"$9,365.00"
1/24/2019,false,"$9,330.00"
1/25/2019,false,"$9,280.00"
1/28/2019,false,"$9,310.00"
1/29/2019,false,"$9,410.00"
1/30/2019,false,"$9,460.00"
1/31/2019,false,"$9,350.00"
2/1/2019,false,"$9,390.00"
2/4/2019,false,"$9,270.00"
2/5/2019,false,"$9,240.00"
2/6/2019,false,"$9,310.00"
2/7/2019,false,"$9,280.00"
2/8/2019,false,"$9,250.00"
2/11/2019,false,"$9,170.00"
2/12/2019,false,"$9,250.00"
2/13/2019,false,"$9,250.00"
2/14/2019,false,"$9,170.00"
2/15/2019,false,"$9,270.00"
2/18/2019,false,"$9,270.00"
2/19/2019,false,"$9,330.00"
2/20/2019,false,"$9,490.00"
2/21/2019,false,"$9,500.00"
2/22/2019,false,"$9,400.00"
2/25/2019,false,"$9,380.00"
2/26/2019,false,"$9,230.00"
2/27/2019,false,"$9,160.00"
2/28/2019,false,"$9,205.00"
3/1/2019,false,"$9,200.00"
3/6/2019,false,"$9,400.00"
3/7/2019,false,"$9,730.00"
3/8/2019,false,"$9,520.00"
3/11/2019,false,"$9,320.00"
3/12/2019,false,"$9,470.00"
3/13/2019,false,"$9,480.00"
3/14/2019,false,"$9,380.00"
3/15/2019,false,"$9,350.00"
3/18/2019,false,"$9,170.00"
3/19/2019,false,"$9,150.00"
3/20/2019,false,"$9,200.00"
3/21/2019,false,"$9,320.00"
3/22/2019,false,"$9,550.00"
3/25/2019,false,"$9,405.00"
3/26/2019,false,"$9,450.00"
3/27/2019,false,"$9,500.00"
3/28/2019,false,"$9,500.00"
3/29/2019,false,"$9,400.00"
4/1/2019,false,"$9,500.00"
4/3/2019,false,"$9,450.00"
4/4/2019,false,"$9,500.00"
4/5/2019,false,"$9,410.00"
4/8/2019,false,"$9,200.00"
4/9/2019,false,"$9,060.00"
4/10/2019,false,"$9,110.00"
4/11/2019,false,"$9,010.00"
4/12/2019,false,"$8,920.00"
4/15/2019,false,"$8,950.00"
4/16/2019,false,"$9,010.00"
4/17/2019,false,"$9,130.00"
4/22/2019,false,"$9,270.00"
4/23/2019,false,"$9,100.00"
4/24/2019,false,"$9,540.00"
4/25/2019,false,"$9,960.00"
4/26/2019,false,"$9,860.00"
4/29/2019,false,"$9,495.00"
4/30/2019,false,"$9,230.00"
5/2/2019,false,"$9,150.00"
5/3/2019,false,"$9,070.00"
5/6/2019,false,"$8,980.00"
5/7/2019,false,"$9,360.00"
5/8/2019,false,"$9,430.00"
5/9/2019,false,"$9,460.00"
5/10/2019,false,"$9,400.00"
5/13/2019,false,"$9,560.00"
5/14/2019,false,"$9,850.00"
5/15/2019,false,"$10,030.00"
5/16/2019,false,"$9,950.00"
5/17/2019,false,"$9,880.00"
5/20/2019,false,"$10,010.00"
5/21/2019,false,"$9,870.00"
5/22/2019,false,"$10,010.00"
5/23/2019,false,"$10,010.00"
5/24/2019,false,"$10,170.00"
5/27/2019,false,"$10,170.00"
5/28/2019,false,"$10,350.00"
5/29/2019,false,"$10,420.00"
5/30/2019,false,"$10,500.00"
5/31/2019,false,"$10,450.00"
6/3/2019,false,"$10,430.00"
6/4/2019,false,"$10,430.00"
6/5/2019,false,"$10,320.00"
6/6/2019,false,"$10,350.00"
6/7/2019,false,"$10,140.00"
6/10/2019,false,"$10,190.00"
6/11/2019,false,"$10,140.00"
6/12/2019,false,"$10,000.00"
6/13/2019,false,"$9,910.00"
6/14/2019,false,"$9,920.00"
6/18/2019,false,"$9,920.00"
6/19/2019,false,"$9,710.00"
6/21/2019,false,"$9,670.00"
6/24/2019,false,"$9,600.00"
6/25/2019,false,"$9,500.00"
6/26/2019,false,"$9,550.00"
6/27/2019,false,"$9,500.00"
6/28/2019,false,"$9,510.00"
7/1/2019,false,"$9,280.00"
7/2/2019,false,"$9,330.00"
7/3/2019,false,"$9,400.00"
7/4/2019,false,"$9,300.00"
7/5/2019,false,"$9,330.00"
7/10/2019,false,"$9,510.00"
7/11/2019,false,"$9,450.00"
7/12/2019,false,"$9,550.00"
7/15/2019,false,"$9,610.00"
7/16/2019,false,"$9,640.00"
7/17/2019,false,"$9,640.00"
7/18/2019,false,"$9,610.00"
7/19/2019,false,"$9,790.00"
7/22/2019,false,"$9,620.00"
7/23/2019,false,"$9,710.00"
7/24/2019,false,"$9,820.00"
7/25/2019,false,"$9,800.00"
7/26/2019,false,"$10,000.00"
7/29/2019,false,"$10,110.00"
7/30/2019,false,"$10,200.00"
7/31/2019,false,"$10,100.00"
8/1/2019,false,"$10,100.00"
8/2/2019,false,"$10,310.00"
8/5/2019,false,"$10,650.00"
8/6/2019,false,"$10,700.00"
8/7/2019,false,"$10,910.00"
8/8/2019,false,"$11,000.00"
8/9/2019,false,"$11,000.00"
8/12/2019,true,"$12,000.00"
8/13/2019,true,"$13,000.00"
8/14/2019,false,"$14,450.00"
8/15/2019,false,"$13,750.00"
8/16/2019,false,"$13,440.00"
8/20/2019,false,"$13,250.00"
8/21/2019,false,"$13,430.00"
8/22/2019,false,"$13,366.00"
8/23/2019,false,"$13,190.00"
8/26/2019,false,"$13,230.00"
8/27/2019,false,"$13,210.00"
8/28/2019,false,"$13,670.00"
8/29/2019,false,"$13,650.00"
8/30/2019,false,"$13,995.00"
9/2/2019,true,"$12,600.00"
9/3/2019,false,"$13,000.00"
9/4/2019,false,"$13,400.00"
9/5/2019,false,"$13,100.00"
9/6/2019,false,"$13,100.00"
9/9/2019,false,"$13,100.00"
9/10/2019,false,"$13,400.00"
9/11/2019,false,"$13,250.00"
9/12/2019,false,"$13,390.00"
9/13/2019,false,"$13,470.00"
9/16/2019,false,"$13,470.00"
9/17/2019,false,"$13,450.00"
9/18/2019,false,"$13,400.00"
9/19/2019,false,"$13,500.00"
9/20/2019,false,"$13,270.00"
9/23/2019,false,"$13,420.00"
9/24/2019,false,"$13,375.00"
9/25/2019,false,"$13,390.00"
9/26/2019,false,"$13,395.00"
9/27/2019,false,"$13,366.00"
9/30/2019,false,"$13,690.00"
10/1/2019,false,"$13,800.00"
10/2/2019,false,"$13,820.00"
10/3/2019,false,"$13,690.00"
10/4/2019,false,"$13,720.00"
10/8/2019,false,"$13,950.00"
10/9/2019,false,"$14,050.00"
10/10/2019,false,"$14,050.00"
10/11/2019,false,"$14,200.00"
10/15/2019,false,"$13,650.00"
10/16/2019,false,"$13,700.00"
10/17/2019,false,"$13,740.00"
10/18/2019,false,"$13,956.00"
10/21/2019,false,"$14,050.00"
10/22/2019,false,"$14,250.00"
10/23/2019,false,"$14,390.00"
10/24/2019,false,"$14,600.00"
10/25/2019,false,"$14,600.00"
10/28/2019,false,"$14,230.00"
10/29/2019,false,"$14,520.00"
10/31/2019,false,"$14,860.00"
11/1/2019,false,"$14,950.00"
11/4/2019,false,"$14,935.00"
11/5/2019,false,"$14,900.00"
11/6/2019,false,"$14,700.00"
11/7/2019,false,"$15,000.00"
11/8/2019,false,"$14,940.00"
11/11/2019,false,"$14,900.00"
11/12/2019,false,"$15,080.00"
11/13/2019,false,"$15,120.00"
11/14/2019,false,"$15,100.00"
11/15/2019,false,"$15,020.00"
11/19/2019,false,"$14,880.00"
11/20/2019,false,"$14,870.00"
11/21/2019,false,"$14,910.00"
11/22/2019,false,"$14,890.00"
11/25/2019,false,"$14,900.00"
11/26/2019,false,"$14,815.00"
11/27/2019,false,"$14,880.00"
11/28/2019,false,"$14,700.00"
11/29/2019,false,"$14,700.00"
12/2/2019,false,"$14,830.00"
12/3/2019,false,"$14,930.00"
12/4/2019,false,"$14,980.00"
12/5/2019,false,"$14,810.00"
12/6/2019,false,"$14,930.00"
12/9/2019,false,"$14,935.00"
12/10/2019,false,"$14,800.00"
12/11/2019,false,"$14,660.00"
12/12/2019,false,"$14,900.00"
12/13/2019,false,"$15,000.00"
12/16/2019,true,"$14,500.00"
12/17/2019,true,"$14,450.00"
12/18/2019,true,"$13,800.00"
12/19/2019,false,"$14,000.00"
12/20/2019,false,"$14,000.00"
12/23/2019,false,"$14,300.00"
12/26/2019,false,"$14,325.00"
12/27/2019,false,"$14,700.00"
12/30/2019,false,"$15,050.00"
1/2/2020,false,"$15,360.00"
1/3/2020,false,"$15,100.00"
1/6/2020,false,"$15,400.00"
1/7/2020,false,"$15,200.00"
1/8/2020,false,"$15,200.00"
1/9/2020,false,"$15,380.00"
1/10/2020,false,"$15,500.00"
1/13/2020,false,"$15,535.00"
1/14/2020,false,"$15,600.00"
1/15/2020,false,"$15,550.00"
1/16/2020,false,"$15,500.00"
1/17/2020,false,"$15,550.00"
1/20/2020,false,"$15,550.00"
1/21/2020,false,"$15,400.00"
1/22/2020,false,"$15,450.00"
1/23/2020,false,"$15,570.00"
1/24/2020,false,"$15,300.00"
1/27/2020,false,"$15,250.00"
1/28/2020,false,"$15,295.00"
1/29/2020,false,"$15,100.00"
1/30/2020,false,"$15,010.00"
1/31/2020,false,"$14,800.00"
2/3/2020,false,"$14,790.00"
2/4/2020,false,"$14,793.00"
2/5/2020,false,"$14,900.00"
2/6/2020,false,"$14,950.00"
2/7/2020,false,"$15,100.00"
2/10/2020,false,"$15,100.00"
2/11/2020,false,"$14,950.00"
2/12/2020,false,"$15,150.00"
2/13/2020,false,"$15,175.00"
2/14/2020,false,"$15,130.00"
2/17/2020,false,"$15,150.00"
2/18/2020,false,"$15,300.00"
2/19/2020,false,"$15,050.00"
2/20/2020,false,"$14,780.00"
2/21/2020,false,"$14,505.00"
2/26/2020,true,"$13,500.00"
2/27/2020,true,"$13,520.00"
2/28/2020,false,"$13,700.00"
3/2/2020,false,"$13,700.00"
3/3/2020,false,"$14,100.00"
3/4/2020,false,"$14,360.00"
3/5/2020,false,"$14,300.00"
3/6/2020,false,"$14,200.00"
3/9/2020,true,"$13,840.00"
3/10/2020,true,"$13,840.00"
3/11/2020,false,"$13,850.00"
3/12/2020,false,"$13,780.00"
3/13/2020,false,"$13,790.00"
3/16/2020,false,"$13,490.00"
3/17/2020,false,"$13,540.00"
3/18/2020,false,"$13,850.00"
3/19/2020,false,"$13,930.00"
3/20/2020,false,"$13,450.00"
3/25/2020,false,"$14,020.00"
3/26/2020,false,"$14,150.00"
3/27/2020,false,"$14,260.00"
3/30/2020,false,"$14,270.00"
4/1/2020,false,"$13,700.00"
4/2/2020,false,"$13,740.00"
4/3/2020,false,"$13,800.00"
4/6/2020,false,"$13,500.00"
4/7/2020,false,"$13,625.00"
4/8/2020,false,"$13,500.00"
4/13/2020,false,"$13,360.00"
4/14/2020,false,"$13,650.00"
4/15/2020,false,"$13,738.00"
4/16/2020,false,"$13,763.00"
4/17/2020,false,"$13,900.00"
4/20/2020,false,"$13,580.00"
4/21/2020,false,"$13,610.00"
4/22/2020,false,"$13,700.00"
4/23/2020,false,"$13,625.00"
4/24/2020,false,"$13,670.00"
4/27/2020,false,"$13,600.00"
4/28/2020,false,"$13,650.00"
4/29/2020,false,"$13,710.00"
4/30/2020,false,"$13,995.00"
5/4/2020,false,"$13,800.00"
5/5/2020,false,"$14,150.00"
5/6/2020,false,"$14,000.00"
5/7/2020,false,"$14,170.00"
5/8/2020,false,"$14,410.00"
5/11/2020,false,"$14,500.00"
5/12/2020,false,"$14,600.00"
5/13/2020,false,"$14,650.00"
5/14/2020,false,"$14,630.00"
5/15/2020,false,"$14,650.00"
5/18/2020,false,"$14,630.00"
5/19/2020,false,"$14,650.00"
5/20/2020,false,"$14,900.00"
5/21/2020,false,"$14,600.00"
5/22/2020,false,"$14,700.00"
5/26/2020,false,"$14,770.00"
5/27/2020,false,"$14,800.00"
5/28/2020,false,"$14,750.00"
5/29/2020,false,"$14,770.00"
6/1/2020,false,"$14,930.00"
6/2/2020,false,"$15,050.00"
6/3/2020,false,"$15,120.00"
6/4/2020,false,"$15,360.00"
6/5/2020,false,"$15,250.00"
6/8/2020,false,"$15,250.00"
6/9/2020,false,"$15,250.00"
6/10/2020,false,"$15,300.00"
6/11/2020,false,"$15,330.00"
6/12/2020,false,"$15,350.00"
6/16/2020,false,"$15,300.00"
6/17/2020,false,"$15,400.00"
6/18/2020,false,"$15,500.00"
6/19/2020,false,"$15,770.00"
6/22/2020,false,"$15,700.00"
6/23/2020,false,"$15,750.00"
6/24/2020,false,"$15,600.00"
6/25/2020,false,"$15,500.00"
6/26/2020,false,"$15,430.00"
6/29/2020,false,"$15,340.00"
6/30/2020,false,"$15,620.00"
7/1/2020,false,"$15,900.00"
7/2/2020,false,"$16,000.00"
7/3/2020,false,"$16,000.00"
7/6/2020,false,"$16,020.00"
7/7/2020,false,"$16,250.00"
7/8/2020,false,"$16,340.00"
7/13/2020,false,"$16,055.00"
7/14/2020,false,"$16,350.00"
7/15/2020,false,"$16,400.00"
7/16/2020,false,"$16,700.00"
7/17/2020,false,"$16,800.00"
7/20/2020,false,"$16,850.00"
7/21/2020,false,"$16,950.00"
7/22/2020,false,"$17,040.00"
7/23/2020,false,"$17,270.00"
7/24/2020,false,"$17,300.00"
7/27/2020,false,"$17,320.00"
7/28/2020,false,"$17,200.00"
7/29/2020,false,"$17,270.00"
7/30/2020,false,"$17,250.00"
7/31/2020,false,"$17,350.00"
8/3/2020,false,"$17,350.00"
8/4/2020,false,"$17,225.00"
8/5/2020,false,"$17,300.00"
8/6/2020,false,"$17,390.00"
8/7/2020,false,"$17,340.00"
8/10/2020,false,"$17,500.00"
8/11/2020,false,"$17,400.00"
8/12/2020,false,"$17,510.00"
8/13/2020,false,"$17,850.00"
8/14/2020,false,"$17,760.00"
8/18/2020,false,"$18,000.00"
8/19/2020,false,"$18,000.00"
8/20/2020,false,"$17,910.00"
8/21/2020,false,"$17,830.00"
8/24/2020,false,"$17,970.00"
8/25/2020,false,"$18,300.00"
8/26/2020,false,"$18,400.00"
8/27/2020,false,"$18,600.00"
8/28/2020,false,"$18,800.00"
8/31/2020,false,"$19,000.00"
9/1/2020,false,"$19,050.00"
9/2/2020,false,"$19,120.00"
9/3/2020,false,"$19,140.00"
9/4/2020,false,"$19,230.00"
9/7/2020,false,"$19,300.00"
9/8/2020,false,"$19,380.00"
9/9/2020,false,"$19,550.00"
9/10/2020,false,"$19,650.00"
9/11/2020,false,"$20,020.00"
9/14/2020,false,"$20,120.00"
9/15/2020,false,"$20,180.00"
9/16/2020,false,"$20,700.00"
9/17/2020,false,"$21,010.00"
9/18/2020,false,"$21,650.00"
9/21/2020,false,"$21,400.00"
9/22/2020,false,"$21,650.00"
9/23/2020,false,"$21,800.00"
9/24/2020,true,"$21,100.00"
9/25/2020,false,"$21,300.00"
9/28/2020,true,"$21,100.00"
9/29/2020,true,"$21,100.00"
9/30/2020,false,"$22,030.00"
10/1/2020,false,"$22,850.00"
10/2/2020,false,"$23,100.00"
10/5/2020,false,"$23,100.00"
10/6/2020,false,"$23,550.00"
10/7/2020,false,"$23,800.00"
10/8/2020,false,"$23,920.00"
10/9/2020,false,"$24,200.00"
10/13/2020,false,"$24,100.00"
10/14/2020,false,"$24,400.00"
10/15/2020,false,"$24,600.00"
10/16/2020,false,"$24,700.00"
10/19/2020,false,"$25,010.00"
10/20/2020,false,"$25,500.00"
10/21/2020,false,"$25,950.00"
10/22/2020,false,"$26,400.00"
10/23/2020,false,"$26,535.00"
10/26/2020,false,"$26,620.00"
10/27/2020,false,"$26,600.00"
10/28/2020,true,"$26,100.00"
10/29/2020,false,"$26,090.00"
10/30/2020,false,"$25,230.00"
11/2/2020,false,"$25,150.00"
11/3/2020,false,"$25,600.00"
11/4/2020,false,"$26,120.00"
11/5/2020,false,"$26,550.00"
11/6/2020,false,"$26,400.00"
11/9/2020,false,"$26,650.00"
11/10/2020,false,"$27,150.00"
11/11/2020,false,"$27,400.00"
11/12/2020,false,"$27,300.00"
11/13/2020,false,"$27,600.00"
11/16/2020,false,"$27,750.00"
11/17/2020,false,"$28,100.00"
11/18/2020,false,"$28,390.00"
11/19/2020,false,"$28,300.00"
11/20/2020,false,"$28,373.00"
11/24/2020,false,"$27,770.00"
11/25/2020,false,"$27,800.00"
11/26/2020,false,"$27,840.00"
11/27/2020,false,"$27,900.00"
11/30/2020,false,"$27,375.00"
12/1/2020,false,"$27,580.00"
12/2/2020,false,"$27,070.00"
12/3/2020,false,"$27,320.00"
12/4/2020,false,"$26,870.00"
12/9/2020,false,"$26,650.00"
12/10/2020,false,"$26,710.00"
12/11/2020,false,"$27,030.00"
12/14/2020,false,"$27,250.00"
12/15/2020,false,"$27,630.00"
12/16/2020,false,"$27,850.00"
12/17/2020,false,"$27,630.00"
12/18/2020,false,"$27,600.00"
12/21/2020,false,"$27,800.00"
12/22/2020,false,"$27,960.00"
12/23/2020,false,"$28,300.00"
12/28/2020,false,"$28,460.00"
12/29/2020,false,"$28,830.00"
12/30/2020,false,"$28,880.00"
1/4/2021,false,"$29,150.00"
1/5/2021,false,"$29,440.00"
1/6/2021,false,"$29,440.00"
1/7/2021,false,"$29,150.00"
1/8/2021,false,"$29,450.00"
1/11/2021,false,"$29,550.00"
1/12/2021,false,"$30,000.00"
1/13/2021,false,"$30,050.00"
1/14/2021,false,"$30,330.00"
1/15/2021,false,"$30,025.00"
1/18/2021,false,"$30,140.00"
1/19/2021,false,"$29,500.00"
1/20/2021,false,"$29,350.00"
1/21/2021,false,"$29,100.00"
1/22/2021,false,"$28,300.00"
1/25/2021,false,"$28,440.00"
1/26/2021,false,"$28,700.00"
1/27/2021,false,"$28,350.00"
1/28/2021,false,"$28,540.00"
1/29/2021,false,"$28,750.00"
2/1/2021,false,"$28,800.00"
2/2/2021,false,"$28,875.00"
2/3/2021,false,"$29,170.00"
2/4/2021,false,"$29,120.00"
2/5/2021,false,"$29,100.00"
2/8/2021,false,"$29,000.00"
2/9/2021,false,"$29,200.00"
2/10/2021,false,"$28,550.00"
2/11/2021,false,"$29,000.00"
2/12/2021,false,"$29,100.00"
2/17/2021,false,"$29,375.00"
2/18/2021,false,"$29,150.00"
2/19/2021,false,"$29,350.00"
2/22/2021,false,"$29,200.00"
2/23/2021,false,"$29,550.00"
2/24/2021,false,"$29,620.00"
2/25/2021,false,"$29,350.00"
2/26/2021,false,"$29,370.00"
3/1/2021,false,"$29,250.00"
3/2/2021,false,"$29,440.00"
3/3/2021,false,"$29,350.00"
3/4/2021,false,"$29,730.00"
3/5/2021,false,"$29,760.00"
3/8/2021,false,"$29,800.00"
3/9/2021,false,"$29,960.00"
3/10/2021,false,"$29,870.00"
3/11/2021,false,"$30,000.00"
3/12/2021,false,"$30,000.00"
3/15/2021,false,"$30,270.00"
3/16/2021,false,"$30,370.00"
3/17/2021,false,"$30,120.00"
3/18/2021,false,"$30,050.00"
3/19/2021,false,"$30,300.00"
3/22/2021,false,"$30,240.00"
3/23/2021,false,"$30,360.00"
3/25/2021,false,"$30,220.00"
3/26/2021,false,"$30,100.00"
3/29/2021,false,"$29,900.00"
3/30/2021,false,"$29,450.00"
3/31/2021,false,"$30,600.00"
4/5/2021,false,"$29,910.00"
4/6/2021,false,"$30,110.00"
4/7/2021,false,"$29,800.00"
4/8/2021,false,"$30,050.00"
4/12/2021,false,"$29,560.00"
4/13/2021,false,"$29,780.00"
4/14/2021,false,"$30,240.00"
4/15/2021,false,"$30,250.00"
4/16/2021,false,"$30,746.00"
4/19/2021,false,"$30,690.00"
4/20/2021,false,"$31,310.00"
4/21/2021,false,"$31,560.00"
4/22/2021,false,"$32,320.00"
4/23/2021,false,"$32,380.00"
4/26/2021,false,"$32,250.00"
4/27/2021,false,"$31,750.00"
4/28/2021,false,"$31,700.00"
4/29/2021,false,"$31,000.00"
4/30/2021,false,"$30,810.00"
5/3/2021,false,"$30,900.00"
5/4/2021,false,"$31,420.00"
5/5/2021,false,"$31,700.00"
5/6/2021,false,"$32,300.00"
5/7/2021,false,"$33,000.00"
5/10/2021,false,"$32,800.00"
5/11/2021,false,"$33,500.00"
5/12/2021,false,"$33,950.00"
5/13/2021,false,"$32,370.00"
5/14/2021,false,"$32,320.00"
5/17/2021,false,"$32,600.00"
5/18/2021,false,"$32,550.00"
5/19/2021,false,"$32,400.00"
5/20/2021,false,"$32,350.00"
5/21/2021,false,"$32,925.00"
5/26/2021,false,"$32,055.00"
5/27/2021,false,"$32,543.00"
5/28/2021,false,"$31,990.00"
5/31/2021,false,"$32,050.00"
6/1/2021,false,"$32,350.00"
6/2/2021,false,"$32,150.00"
6/3/2021,false,"$31,770.00"
6/4/2021,false,"$31,710.00"
6/7/2021,false,"$31,620.00"
6/8/2021,false,"$31,670.00"
6/9/2021,false,"$31,500.00"
6/10/2021,false,"$31,100.00"
6/11/2021,false,"$30,400.00"
6/14/2021,false,"$29,970.00"
6/15/2021,false,"$29,980.00"
6/16/2021,false,"$29,980.00"
6/17/2021,false,"$28,551.00"
6/18/2021,false,"$29,500.00"
6/22/2021,false,"$29,540.00"
6/23/2021,false,"$29,550.00"
6/24/2021,false,"$29,170.00"
6/25/2021,false,"$29,100.00"
6/28/2021,false,"$29,600.00"
6/29/2021,false,"$29,400.00"
6/30/2021,false,"$30,375.00"
7/1/2021,false,"$30,680.00"
7/2/2021,false,"$31,060.00"
7/5/2021,false,"$31,150.00"
7/6/2021,false,"$30,000.00"
7/7/2021,false,"$30,500.00"
7/8/2021,false,"$30,680.00"
7/12/2021,false,"$31,215.00"
7/13/2021,false,"$31,650.00"
7/14/2021,false,"$31,800.00"
7/15/2021,false,"$31,900.00"
7/16/2021,false,"$32,500.00"
7/19/2021,false,"$31,800.00"
7/20/2021,false,"$32,300.00"
7/21/2021,false,"$32,310.00"
7/22/2021,false,"$31,850.00"
7/23/2021,false,"$31,850.00"
7/26/2021,false,"$31,800.00"
7/27/2021,false,"$32,020.00"
7/28/2021,false,"$32,050.00"
7/29/2021,false,"$32,400.00"
7/30/2021,false,"$31,940.00"
8/2/2021,false,"$32,200.00"
8/3/2021,false,"$31,880.00"
8/4/2021,false,"$31,980.00"
8/5/2021,false,"$32,390.00"
8/6/2021,false,"$32,400.00"
8/9/2021,false,"$31,950.00"
8/10/2021,false,"$32,450.00"
8/11/2021,false,"$32,600.00"
8/12/2021,false,"$32,900.00"
8/13/2021,false,"$33,200.00"
8/17/2021,false,"$33,380.00"
8/18/2021,false,"$33,530.00"
8/19/2021,false,"$33,010.00"
8/20/2021,false,"$33,200.00"
8/23/2021,false,"$33,050.00"
8/24/2021,false,"$33,600.00"
8/25/2021,false,"$33,710.00"
8/26/2021,false,"$33,970.00"
8/27/2021,false,"$33,420.00"
8/30/2021,false,"$32,760.00"
8/31/2021,false,"$32,750.00"
9/1/2021,false,"$32,550.00"
9/2/2021,false,"$32,900.00"
9/3/2021,false,"$33,300.00"
9/6/2021,false,"$33,250.00"
9/7/2021,false,"$33,000.00"
9/8/2021,false,"$33,260.00"
9/9/2021,false,"$33,270.00"
9/10/2021,false,"$33,300.00"
9/13/2021,false,"$33,610.00"
9/14/2021,false,"$33,950.00"
9/15/2021,false,"$34,315.00"
9/17/2021,false,"$34,360.00"
9/20/2021,false,"$33,800.00"
9/21/2021,false,"$34,100.00"
9/22/2021,false,"$34,400.00"
9/23/2021,false,"$34,420.00"
9/24/2021,false,"$34,430.00"
9/27/2021,false,"$34,460.00"
9/28/2021,false,"$33,970.00"
9/29/2021,false,"$34,050.00"
9/30/2021,false,"$33,900.00"
10/1/2021,false,"$33,820.00"
10/4/2021,false,"$33,840.00"
10/5/2021,false,"$34,140.00"
10/6/2021,false,"$34,150.00"
10/7/2021,false,"$34,450.00"
10/12/2021,false,"$33,650.00"
10/13/2021,false,"$34,030.00"
10/14/2021,false,"$34,600.00"
10/15/2021,false,"$34,740.00"
10/18/2021,false,"$34,870.00"
10/19/2021,false,"$35,185.00"
10/20/2021,false,"$35,695.00"
10/21/2021,false,"$35,100.00"
10/22/2021,false,"$34,900.00"
10/25/2021,false,"$35,045.00"
10/26/2021,false,"$35,000.00"
10/27/2021,false,"$34,950.00"
10/28/2021,false,"$34,920.00"
10/29/2021,false,"$34,850.00"
11/1/2021,false,"$35,050.00"
11/2/2021,false,"$35,220.00"
11/3/2021,false,"$35,150.00"
11/4/2021,false,"$34,620.00"
11/5/2021,false,"$34,300.00"
11/8/2021,false,"$34,000.00"
11/9/2021,false,"$34,530.00"
11/10/2021,false,"$34,750.00"
11/11/2021,false,"$34,780.00"
11/12/2021,false,"$35,100.00"
11/15/2021,false,"$35,900.00"
11/16/2021,false,"$35,800.00"
11/17/2021,false,"$36,180.00"
11/18/2021,false,"$35,900.00"
11/19/2021,false,"$35,900.00"
11/23/2021,false,"$35,880.00"
11/24/2021,false,"$35,730.00"
11/25/2021,false,"$35,770.00"
11/26/2021,false,"$35,050.00"
11/29/2021,false,"$35,050.00"
11/30/2021,false,"$34,260.00"
12/1/2021,false,"$34,900.00"
12/2/2021,false,"$35,315.00"
12/3/2021,false,"$36,050.00"
12/6/2021,false,"$35,680.00"
12/7/2021,false,"$35,800.00"
12/9/2021,false,"$35,880.00"
12/10/2021,false,"$36,150.00"
12/13/2021,false,"$36,030.00"
12/14/2021,false,"$36,570.00"
12/15/2021,false,"$36,480.00"
12/16/2021,false,"$36,850.00"
12/17/2021,false,"$37,050.00"
12/20/2021,false,"$36,950.00"
12/21/2021,false,"$37,350.00"
12/22/2021,false,"$37,600.00"
12/23/2021,false,"$37,780.00"
12/27/2021,false,"$38,500.00"
12/28/2021,false,"$38,820.00"
12/29/2021,false,"$38,600.00"
12/30/2021,false,"$37,800.00"
1/3/2022,false,"$38,300.00"
1/4/2022,false,"$38,890.00"
1/5/2022,false,"$39,150.00"
1/6/2022,false,"$39,300.00"
1/7/2022,false,"$40,000.00"
1/10/2022,false,"$39,570.00"
1/11/2022,false,"$39,850.00"
1/12/2022,false,"$40,250.00"
1/13/2022,false,"$39,770.00"
1/14/2022,false,"$40,208.00"
1/17/2022,false,"$40,000.00"
1/18/2022,false,"$40,250.00"
1/19/2022,false,"$41,050.00"
1/20/2022,false,"$41,435.00"
1/21/2022,false,"$40,700.00"
1/24/2022,false,"$40,000.00"
1/25/2022,false,"$40,100.00"
1/26/2022,false,"$40,755.00"
1/27/2022,false,"$40,900.00"
1/28/2022,false,"$41,600.00"
1/31/2022,false,"$41,800.00"
2/1/2022,false,"$42,493.00"
2/2/2022,false,"$42,525.00"
2/3/2022,false,"$42,570.00"
2/4/2022,false,"$43,130.00"
2/7/2022,false,"$43,780.00"
2/8/2022,false,"$43,650.00"
2/9/2022,false,"$44,180.00"
2/10/2022,false,"$44,860.00"
2/11/2022,false,"$44,950.00"
2/14/2022,false,"$44,700.00"
2/15/2022,false,"$44,740.00"
2/16/2022,false,"$45,530.00"
2/17/2022,false,"$45,700.00"
2/18/2022,false,"$45,830.00"
2/21/2022,false,"$45,830.00"
2/22/2022,false,"$46,550.00"
2/23/2022,false,"$47,540.00"
2/24/2022,false,"$48,130.00"
2/25/2022,false,"$46,900.00"
3/2/2022,false,"$49,340.00"
3/3/2022,false,"$50,500.00"
3/4/2022,false,"$50,620.00"
3/7/2022,false,"$51,305.00"
3/8/2022,false,"$52,990.00"
3/9/2022,false,"$54,000.00"
3/10/2022,false,"$54,250.00"
3/11/2022,false,"$53,800.00"
3/14/2022,false,"$50,800.00"
3/15/2022,false,"$51,000.00"
3/16/2022,false,"$50,000.00"
3/17/2022,false,"$49,800.00"
3/18/2022,false,"$48,180.00"
3/21/2022,false,"$48,840.00"
3/22/2022,false,"$49,160.00"
3/23/2022,false,"$49,700.00"
3/25/2022,false,"$50,350.00"
3/28/2022,false,"$48,200.00"
3/29/2022,false,"$46,900.00"
3/30/2022,false,"$47,600.00"
3/31/2022,false,"$47,100.00"
4/1/2022,false,"$46,030.00"
4/4/2022,false,"$46,775.00"
4/5/2022,false,"$47,600.00"
4/6/2022,false,"$47,120.00"
4/7/2022,false,"$48,060.00"
4/8/2022,false,"$48,710.00"
4/11/2022,false,"$48,320.00"
4/12/2022,false,"$48,970.00"
4/13/2022,false,"$49,620.00"
4/18/2022,false,"$50,475.00"
4/19/2022,false,"$50,550.00"
4/20/2022,false,"$50,965.00"
4/21/2022,false,"$51,150.00"
4/22/2022,false,"$50,750.00"
4/25/2022,false,"$50,200.00"
4/26/2022,false,"$50,560.00"
4/27/2022,false,"$51,105.00"
4/28/2022,false,"$50,600.00"
4/29/2022,false,"$50,275.00"
5/2/2022,false,"$48,870.00"
5/3/2022,false,"$48,700.00"
5/4/2022,false,"$48,670.00"
5/5/2022,false,"$49,300.00"
5/6/2022,false,"$48,850.00"
5/9/2022,false,"$48,490.00"
5/10/2022,false,"$49,100.00"
5/11/2022,false,"$49,450.00"
5/12/2022,false,"$49,280.00"
5/13/2022,false,"$50,050.00"
5/16/2022,false,"$50,250.00"
5/17/2022,false,"$50,350.00"
5/19/2022,false,"$50,560.00"
5/20/2022,false,"$50,390.00"
5/23/2022,false,"$50,110.00"
5/24/2022,false,"$50,540.00"
5/26/2022,false,"$51,260.00"
5/27/2022,false,"$51,400.00"
5/30/2022,false,"$51,520.00"
5/31/2022,false,"$50,500.00"
6/1/2022,false,"$49,960.00"
6/2/2022,false,"$50,510.00"
6/3/2022,false,"$50,120.00"
6/6/2022,false,"$50,180.00"
6/7/2022,false,"$50,330.00"
6/8/2022,false,"$50,800.00"
6/9/2022,false,"$51,000.00"
6/10/2022,false,"$50,460.00"
6/13/2022,false,"$49,450.00"
6/14/2022,false,"$49,100.00"
6/15/2022,false,"$49,370.00"
6/16/2022,false,"$49,456.00"
6/21/2022,false,"$48,500.00"
6/22/2022,false,"$47,700.00"
6/23/2022,false,"$47,080.00"
6/24/2022,false,"$47,800.00"
6/27/2022,false,"$47,940.00"
6/28/2022,false,"$48,300.00"
6/29/2022,false,"$48,850.00"
6/30/2022,false,"$48,900.00"
7/1/2022,false,"$47,750.00"
7/4/2022,true,"$47,200.00"
7/5/2022,false,"$46,600.00"
7/6/2022,false,"$46,800.00"
7/7/2022,false,"$47,700.00"
7/8/2022,false,"$49,120.00"
7/11/2022,false,"$50,250.00"
7/12/2022,false,"$48,660.00"
7/13/2022,true,"$48,660.00"
7/14/2022,false,"$48,690.00"
7/15/2022,false,"$48,900.00"
7/18/2022,false,"$49,680.00"
7/19/2022,false,"$49,250.00"
7/20/2022,false,"$49,000.00"
7/21/2022,false,"$48,250.00"
7/22/2022,false,"$48,450.00"
7/25/2022,false,"$48,825.00"
7/26/2022,false,"$49,650.00"
7/27/2022,false,"$50,460.00"
7/28/2022,false,"$51,190.00"
7/29/2022,false,"$51,800.00"
8/1/2022,true,"$49,650.00"
8/2/2022,false,"$49,600.00"
8/3/2022,false,"$49,200.00"
8/4/2022,false,"$50,850.00"
8/5/2022,false,"$50,500.00"
8/8/2022,false,"$51,350.00"
8/9/2022,false,"$52,200.00"
8/10/2022,false,"$52,625.00"
8/11/2022,false,"$53,160.00"
8/12/2022,false,"$53,200.00"
8/16/2022,false,"$51,080.00"
8/17/2022,false,"$51,560.00"
8/18/2022,false,"$51,650.00"
8/19/2022,false,"$51,800.00"
8/22/2022,false,"$52,390.00"
8/23/2022,false,"$53,130.00"
8/24/2022,false,"$52,930.00"
8/25/2022,false,"$51,700.00"
8/26/2022,false,"$53,075.00"
8/29/2022,false,"$52,620.00"
8/30/2022,false,"$52,600.00"
8/31/2022,false,"$52,300.00"
9/1/2022,false,"$52,000.00"
9/5/2022,false,"$72,420.00"
9/6/2022,false,"$69,050.00"
9/7/2022,false,"$68,950.00"
9/8/2022,false,"$67,000.00"
9/9/2022,false,"$68,300.00"
9/12/2022,false,"$70,080.00"
9/13/2022,false,"$70,000.00"
9/14/2022,false,"$71,000.00"
9/15/2022,false,"$70,000.00"
9/16/2022,false,"$70,000.00"
9/19/2022,false,"$70,000.00"
9/20/2022,false,"$70,000.00"
9/21/2022,false,"$69,000.00"
9/22/2022,false,"$67,000.00"
9/23/2022,false,"$63,000.00"
9/26/2022,false,"$62,000.00"
9/27/2022,false,"$63,200.00"
9/28/2022,false,"$63,000.00"
9/29/2022,false,"$63,200.00"
9/30/2022,true,"$62,000.00"
10/3/2022,true,"$49,500.00"
10/4/2022,true,"$49,500.00"
10/5/2022,true,"$49,500.00"
10/6/2022,true,"$49,500.00"
10/11/2022,true,"$52,000.00"
10/12/2022,false,"$60,650.00"
10/13/2022,true,"$57,500.00"
10/14/2022,true,"$57,600.00"
10/17/2022,false,"$59,400.00"
10/18/2022,false,"$58,760.00"
10/19/2022,true,"$59,000.00"
10/20/2022,true,"$59,150.00"
10/21/2022,true,"$59,100.00"
10/24/2022,false,"$59,800.00"
10/25/2022,false,"$60,150.00"
10/26/2022,false,"$61,050.00"
10/27/2022,false,"$61,100.00"
10/28/2022,false,"$60,760.00"
10/31/2022,true,"$61,900.00"
11/1/2022,true,"$62,050.00"
11/2/2022,false,"$62,650.00"
11/3/2022,false,"$62,800.00"
11/4/2022,false,"$63,700.00"
11/7/2022,false,"$64,300.00"
11/8/2022,true,"$64,600.00"
11/9/2022,false,"$63,300.00"
11/10/2022,true,"$62,500.00"
11/11/2022,true,"$64,000.00"
11/14/2022,true,"$64,000.00"
11/15/2022,true,"$65,000.00"
11/16/2022,true,"$63,100.00"
11/17/2022,true,"$62,000.00"
11/18/2022,true,"$63,000.00"
11/22/2022,true,"$66,000.00"
11/23/2022,true,"$68,000.00"
11/24/2022,true,"$72,000.00"
11/25/2022,true,"$80,000.00"
11/28/2022,false,"$85,000.00"
11/29/2022,false,"$84,990.00"
11/30/2022,false,"$85,000.00"
12/1/2022,false,"$85,100.00"
12/2/2022,false,"$87,200.00"
12/5/2022,false,"$88,300.00"
12/6/2022,false,"$90,300.00"
12/7/2022,false,"$92,050.00"
12/12/2022,false,"$94,300.00"
12/13/2022,false,"$96,100.00"
12/14/2022,false,"$100,000.00"
12/15/2022,false,"$95,500.00"
12/16/2022,false,"$100,000.00"
12/19/2022,false,"$98,000.00"
12/20/2022,false,"$100,000.00"
12/21/2022,false,"$100,300.00"
12/22/2022,false,"$98,500.00"
12/23/2022,false,"$96,500.00"
12/26/2022,false,"$95,800.00"
12/27/2022,false,"$98,800.00"
12/28/2022,false,"$95,000.00"
12/29/2022,false,"$95,000.00"
12/30/2022,true,"$93,000.00"
1/2/2023,true,"$76,000.00"
1/3/2023,true,"$75,000.00"
1/4/2023,true,"$76,000.00"
1/5/2023,true,"$77,000.00"
1/6/2023,true,"$77,500.00"
1/9/2023,true,"$78,500.00"
1/10/2023,true,"$80,100.00"
1/11/2023,true,"$81,600.00"
1/12/2023,true,"$82,130.00"
1/13/2023,true,"$82,300.00"
1/16/2023,true,"$82,600.00"
1/17/2023,true,"$83,000.00"
1/18/2023,true,"$83,000.00"
1/19/2023,true,"$82,900.00"
1/20/2023,true,"$82,500.00"
1/23/2023,true,"$82,500.00"
1/24/2023,true,"$85,000.00"
1/25/2023,true,"$85,000.00"
1/26/2023,true,"$85,000.00"
1/27/2023,true,"$85,300.00"
1/30/2023,true,"$85,300.00"
1/31/2023,true,"$85,500.00"
2/1/2023,true,"$85,000.00"
2/2/2023,true,"$83,250.00"
2/3/2023,true,"$80,000.00"
2/6/2023,true,"$79,500.00"
2/7/2023,true,"$81,000.00"
2/8/2023,true,"$82,000.00"
2/9/2023,true,"$89,000.00"
2/10/2023,true,"$89,000.00"
2/13/2023,true,"$89,000.00"
2/14/2023,true,"$89,100.00"
2/15/2023,true,"$88,930.00"
2/16/2023,true,"$89,600.00"
2/17/2023,true,"$90,000.00"
2/22/2023,true,"$89,600.00"
2/23/2023,true,"$89,600.00"
2/24/2023,true,"$89,600.00"
2/27/2023,true,"$89,600.00"
