Unnamed: 0,Unnamed: 1,Unnamed: 2,Consulta de precios
,,,
,,,
,,,
Fecha de operación,,Precio,
2010-01-04 00:00:00,,410.0,
2010-01-05 00:00:00,,425.0,
2010-01-06 00:00:00,,410.0,
2010-01-07 00:00:00,,400.0,
2010-01-08 00:00:00,,400.0,
2010-01-11 00:00:00,,400.0,
2010-01-12 00:00:00,(E),400.0,
2010-01-13 00:00:00,(E),395.0,
2010-01-14 00:00:00,,380.0,
2010-01-15 00:00:00,(E),380.0,
2010-01-18 00:00:00,(E),380.0,
2010-01-19 00:00:00,(E),380.0,
2010-01-20 00:00:00,(E),380.0,
2010-01-21 00:00:00,(E),380.0,
2010-01-22 00:00:00,(E),380.0,
2010-01-25 00:00:00,(E),380.0,
2010-01-26 00:00:00,,350.0,
2010-01-27 00:00:00,(E),350.0,
2010-01-28 00:00:00,(E),350.0,
2010-01-29 00:00:00,(E),350.0,
2010-02-01 00:00:00,,350.0,
2010-02-02 00:00:00,,350.0,
2010-02-03 00:00:00,(E),345.0,
2010-02-04 00:00:00,,340.0,
2010-02-05 00:00:00,(E),340.0,
2010-02-08 00:00:00,(E),350.0,
2010-02-09 00:00:00,,350.0,
2010-02-10 00:00:00,(E),340.0,
2010-02-11 00:00:00,(E),330.0,
2010-02-12 00:00:00,(E),330.0,
2010-02-15 00:00:00,(E),330.0,
2010-02-16 00:00:00,(E),340.0,
2010-02-17 00:00:00,(E),340.0,
2010-02-18 00:00:00,(E),340.0,
2010-02-19 00:00:00,,329.0,
2010-02-22 00:00:00,(E),300.0,
2010-02-23 00:00:00,,330.0,
2010-02-24 00:00:00,(E),330.0,
2010-02-25 00:00:00,,309.9,
2010-02-26 00:00:00,(E),305.0,
2010-03-01 00:00:00,,275.0,
2010-03-02 00:00:00,,270.0,
2010-03-03 00:00:00,,270.0,
2010-03-04 00:00:00,,270.0,
2010-03-05 00:00:00,,284.0,
2010-03-08 00:00:00,,273.0,
2010-03-09 00:00:00,,270.0,
2010-03-10 00:00:00,,270.0,
2010-03-11 00:00:00,,270.0,
2010-03-12 00:00:00,,270.0,
2010-03-15 00:00:00,,270.0,
2010-03-16 00:00:00,,270.0,
2010-03-17 00:00:00,,271.0,
2010-03-18 00:00:00,,270.0,
2010-03-19 00:00:00,,270.0,
2010-03-22 00:00:00,,274.0,
2010-03-23 00:00:00,,274.0,
2010-03-25 00:00:00,,284.0,
2010-03-26 00:00:00,,280.0,
2010-03-29 00:00:00,,270.0,
2010-03-30 00:00:00,(E),280.0,
2010-03-31 00:00:00,,270.0,
2010-04-05 00:00:00,,270.0,
2010-04-06 00:00:00,,297.0,
2010-04-07 00:00:00,,295.0,
2010-04-08 00:00:00,,300.0,
2010-04-09 00:00:00,,300.0,
2010-04-12 00:00:00,,312.0,
2010-04-13 00:00:00,(E),320.0,
2010-04-14 00:00:00,,325.0,
2010-04-15 00:00:00,,350.0,
2010-04-16 00:00:00,,350.0,
2010-04-19 00:00:00,,350.0,
2010-04-20 00:00:00,,350.0,
2010-04-21 00:00:00,(E),350.0,
2010-04-22 00:00:00,,350.0,
2010-04-23 00:00:00,,350.0,
2010-04-26 00:00:00,,350.0,
2010-04-27 00:00:00,,350.0,
2010-04-28 00:00:00,,350.0,
2010-04-29 00:00:00,,365.0,
2010-04-30 00:00:00,,370.0,
2010-05-03 00:00:00,,370.0,
2010-05-04 00:00:00,,370.0,
2010-05-05 00:00:00,,379.0,
2010-05-06 00:00:00,,380.0,
2010-05-07 00:00:00,,376.0,
2010-05-10 00:00:00,,380.0,
2010-05-11 00:00:00,,383.0,
2010-05-12 00:00:00,,380.0,
2010-05-13 00:00:00,,380.0,
2010-05-14 00:00:00,,359.0,
2010-05-17 00:00:00,,360.0,
2010-05-18 00:00:00,,367.0,
2010-05-19 00:00:00,,360.0,
2010-05-20 00:00:00,,366.0,
2010-05-21 00:00:00,,380.0,
2010-05-26 00:00:00,,380.0,
2010-05-27 00:00:00,,387.0,
2010-05-28 00:00:00,,380.0,
2010-05-31 00:00:00,(E),360.0,
2010-06-01 00:00:00,(E),360.0,
2010-06-02 00:00:00,(E),360.0,
2010-06-03 00:00:00,(E),360.0,
2010-06-04 00:00:00,(E),360.0,
2010-06-07 00:00:00,,370.0,
2010-06-08 00:00:00,(E),370.0,
2010-06-09 00:00:00,(E),380.0,
2010-06-10 00:00:00,,380.0,
2010-06-11 00:00:00,,380.0,
2010-06-14 00:00:00,,380.0,
2010-06-15 00:00:00,,380.0,
2010-06-16 00:00:00,,380.0,
2010-06-17 00:00:00,(E),375.0,
2010-06-18 00:00:00,(E),380.0,
2010-06-22 00:00:00,(E),380.0,
2010-06-23 00:00:00,(E),370.0,
2010-06-24 00:00:00,,380.0,
2010-06-25 00:00:00,,370.0,
2010-06-28 00:00:00,(E),360.0,
2010-06-29 10:36:00,(E),350.0,
2010-06-30 10:36:00,,380.0,
2010-07-01 10:14:00,,380.0,
2010-07-02 10:36:00,(E),380.0,
2010-07-05 10:40:00,(E),380.0,
2010-07-06 10:38:00,,390.0,
2010-07-07 10:40:00,(E),390.0,
2010-07-08 10:52:00,,400.0,
2010-07-12 10:50:00,(E),390.0,
2010-07-13 10:45:00,,370.0,
2010-07-14 10:55:00,,370.0,
2010-07-15 10:52:00,,388.0,
2010-07-16 10:55:00,,370.0,
2010-07-19 10:40:00,(E),370.0,
2010-07-20 10:45:00,,355.0,
2010-07-21 10:39:00,,370.0,
2010-07-22 10:44:00,,370.0,
2010-07-23 10:45:00,,370.0,
2010-07-26 10:38:00,,370.0,
2010-07-27 10:45:00,,370.0,
2010-07-28 10:47:00,,390.0,
2010-07-29 10:35:00,,400.0,
2010-07-30 10:40:00,,406.0,
2010-08-02 10:48:00,,420.0,
2010-08-03 10:42:00,,420.0,
2010-08-04 10:40:00,,422.0,
2010-08-05 10:41:00,,447.0,
2010-08-06 10:39:00,,450.0,
2010-08-09 10:35:00,,450.0,
2010-08-10 10:50:00,(E),445.0,
2010-08-11 10:56:00,,449.0,
2010-08-12 10:41:00,,460.0,
2010-08-13 10:47:00,,469.9,
2010-08-17 10:47:00,,470.0,
2010-08-18 10:45:00,,480.0,
2010-08-19 10:36:00,(E),490.0,
2010-08-20 10:38:00,(E),490.0,
2010-08-23 10:38:00,(E),495.0,
2010-08-24 10:49:00,,480.0,
2010-08-25 10:42:00,,480.0,
2010-08-26 10:39:00,,492.0,
2010-08-27 10:45:00,,500.0,
2010-08-30 10:56:00,,495.0,
2010-08-31 10:48:00,,490.0,
2010-09-01 10:45:00,,490.0,
2010-09-02 10:40:00,(E),490.0,
2010-09-03 10:41:00,,500.0,
2010-09-06 10:40:00,(E),500.0,
2010-09-07 10:51:00,,500.0,
2010-09-08 10:50:00,,500.0,
2010-09-09 10:55:00,,500.0,
2010-09-10 10:38:00,,500.0,
2010-09-13 10:49:00,,510.0,
2010-09-14 10:34:00,(E),510.0,
2010-09-15 10:50:00,(E),510.0,
2010-09-16 10:40:00,,520.0,
2010-09-17 10:45:00,,520.0,
2010-09-20 10:44:00,,520.0,
2010-09-21 10:56:00,(E),520.0,
2010-09-22 10:40:00,,510.0,
2010-09-23 10:49:00,(E),510.0,
2010-09-24 10:48:00,,540.0,
2010-09-27 10:40:00,,540.0,
2010-09-28 10:41:00,(E),540.0,
2010-09-29 10:40:00,(E),530.0,
2010-09-30 10:38:00,(E),525.0,
2010-10-01 10:36:00,(E),515.0,
2010-10-04 10:38:00,(E),515.0,
2010-10-05 10:36:00,(E),515.0,
2010-10-06 05:07:00,(E),520.0,
2010-10-08 10:41:00,,520.0,
2010-10-12 10:55:00,,520.0,
2010-10-13 10:46:00,,510.0,
2010-10-14 10:45:00,(E),510.0,
2010-10-15 10:45:00,,520.0,
2010-10-18 10:47:00,,530.0,
2010-10-19 10:44:00,,530.0,
2010-10-20 10:42:00,,530.0,
2010-10-21 10:40:00,,525.0,
2010-10-22 10:38:00,,540.0,
2010-10-25 10:44:00,,550.0,
2010-10-26 10:42:00,,550.0,
2010-10-28 10:40:00,,550.0,
2010-10-29 10:45:00,,550.0,
2010-11-01 10:44:00,,550.0,
2010-11-02 10:42:00,,540.0,
2010-11-03 10:47:00,(E),540.0,
2010-11-04 10:43:00,,540.0,
2010-11-05 10:46:00,(E),540.0,
2010-11-08 10:50:00,,550.0,
2010-11-09 10:44:00,,560.0,
2010-11-10 10:40:00,,564.0,
2010-11-11 10:40:00,,560.0,
2010-11-12 10:40:00,(E),540.0,
2010-11-15 10:40:00,,540.0,
2010-11-16 10:40:00,,540.0,
2010-11-17 10:48:00,,540.0,
2010-11-18 10:40:00,,550.0,
2010-11-19 10:42:00,,540.0,
2010-11-23 10:35:00,,540.0,
2010-11-24 10:40:00,,550.0,
2010-11-25 10:45:00,,550.0,
2010-11-26 10:40:00,,550.0,
2010-11-29 10:40:00,,540.0,
2010-11-30 10:42:00,,530.0,
2010-12-01 10:40:00,,535.0,
2010-12-02 10:40:00,(E),535.0,
2010-12-03 10:38:00,(E),540.0,
2010-12-06 10:44:00,,540.0,
2010-12-07 10:45:00,,550.0,
2010-12-09 10:41:00,,550.0,
2010-12-10 10:50:00,,550.0,
2010-12-13 10:43:00,(E),550.0,
2010-12-14 10:42:00,,550.0,
2010-12-15 10:43:00,(E),550.0,
2010-12-16 10:50:00,(E),550.0,
2010-12-17 10:40:00,(E),575.0,
2010-12-20 10:40:00,,580.0,
2010-12-21 10:45:00,,580.0,
2010-12-22 10:46:00,,580.0,
2010-12-23 05:25:00,(E),580.0,
2010-12-27 10:55:00,(E),585.0,
2010-12-28 10:55:00,(E),600.0,
2010-12-29 10:53:00,(E),620.0,
2010-12-30 04:55:00,(E),600.0,
2011-01-03 10:42:00,,600.0,
2011-01-04 10:47:00,(E),600.0,
2011-01-05 10:43:00,,600.0,
2011-01-06 10:43:00,,600.0,
2011-01-07 10:40:00,(E),610.0,
2011-01-10 10:38:00,,610.0,
2011-01-11 10:40:00,,610.0,
2011-01-12 10:45:00,,620.0,
2011-01-13 10:37:00,,630.0,
2011-01-14 10:40:00,(E),630.0,
2011-01-17 10:35:00,(E),630.0,
2011-01-18 10:35:00,(E),630.0,
2011-01-19 10:38:00,(E),630.0,
2011-01-20 10:38:00,(E),630.0,
2011-01-21 10:38:00,(E),620.0,
2011-01-24 10:42:00,(E),0.0,
2011-01-25 10:40:00,(E),0.0,
2011-01-26 10:40:00,(E),0.0,
2011-01-27 10:40:00,(E),640.0,
2011-01-28 10:40:00,,650.0,
2011-01-31 10:40:00,(E),680.0,
2011-02-01 10:55:00,,700.0,
2011-02-02 10:40:00,,700.0,
2011-02-03 10:55:00,,683.0,
2011-02-04 10:51:00,,690.0,
2011-02-07 10:50:00,(E),680.0,
2011-02-08 10:48:00,(E),690.0,
2011-02-09 10:41:00,(E),700.0,
2011-02-10 10:55:00,(E),690.0,
2011-02-11 10:44:00,,701.0,
2011-02-14 10:55:00,(E),700.0,
2011-02-15 10:42:00,(E),750.0,
2011-02-16 10:40:00,(E),750.0,
2011-02-17 10:52:00,(E),725.0,
2011-02-18 10:45:00,(E),715.0,
2011-02-21 10:37:00,,700.0,
2011-02-22 10:44:00,(E),700.0,
2011-02-23 10:45:00,,750.0,
2011-02-24 10:44:00,(E),750.0,
2011-02-25 10:44:00,,760.0,
2011-02-28 10:40:00,,790.0,
2011-03-01 10:44:00,(E),760.0,
2011-03-02 10:40:00,(E),740.0,
2011-03-03 10:45:00,,740.0,
2011-03-04 10:45:00,(E),740.0,
2011-03-09 10:40:00,(E),720.0,
2011-03-10 10:40:00,,680.0,
2011-03-11 10:40:00,(E),680.0,
2011-03-14 10:52:00,(E),650.0,
2011-03-15 10:42:00,(E),630.0,
2011-03-16 10:44:00,(E),620.0,
2011-03-17 10:44:00,,630.0,
2011-03-18 10:42:00,,650.0,
2011-03-21 10:42:00,,650.0,
2011-03-22 10:40:00,,640.0,
2011-03-23 10:50:00,,640.0,
2011-03-28 10:40:00,,650.0,
2011-03-29 10:40:00,,650.0,
2011-03-30 10:44:00,,650.0,
2011-03-31 10:42:00,,692.0,
2011-04-01 10:39:00,,729.0,
2011-04-04 10:40:00,,755.0,
2011-04-05 10:31:00,,760.7,
2011-04-06 10:44:00,,750.0,
2011-04-07 10:40:00,(E),750.0,
2011-04-08 10:36:00,,750.0,
2011-04-11 10:40:00,,755.0,
2011-04-12 10:35:00,,730.0,
2011-04-13 10:38:00,(E),730.0,
2011-04-14 10:37:00,(E),730.0,
2011-04-15 10:40:00,,708.0,
2011-04-18 10:37:00,,729.0,
2011-04-19 10:44:00,,740.0,
2011-04-20 04:20:00,,760.0,
2011-04-25 10:56:00,,749.0,
2011-04-26 10:40:00,,750.0,
2011-04-27 10:43:00,,730.0,
2011-04-28 10:50:00,(E),690.0,
2011-04-29 10:43:00,,730.0,
2011-05-02 10:40:00,,700.0,
2011-05-03 10:40:00,(E),700.0,
2011-05-04 10:43:00,(E),700.0,
2011-05-05 10:44:00,(E),680.0,
2011-05-06 10:57:00,(E),670.0,
2011-05-09 10:40:00,,669.0,
2011-05-10 10:40:00,,672.0,
2011-05-11 10:48:00,(E),670.0,
2011-05-12 10:40:00,(E),700.0,
2011-05-13 10:43:00,(E),690.0,
2011-05-16 10:55:00,,650.0,
2011-05-17 10:48:00,,660.0,
2011-05-18 10:40:00,,700.0,
2011-05-19 10:53:00,(E),700.0,
2011-05-20 10:44:00,(E),700.0,
2011-05-23 10:45:00,(E),710.0,
2011-05-24 10:53:00,(E),700.0,
2011-05-26 10:44:00,,717.0,
2011-05-27 10:40:00,,720.0,
2011-05-30 10:38:00,(E),720.0,
2011-05-31 10:45:00,(E),710.0,
2011-06-01 10:40:00,,720.0,
2011-06-02 10:43:00,,718.0,
2011-06-03 10:45:00,(E),720.0,
2011-06-06 10:43:00,(E),700.0,
2011-06-07 10:44:00,(E),700.0,
2011-06-08 10:44:00,,720.0,
2011-06-09 10:50:00,,735.0,
2011-06-10 10:35:00,(E),730.0,
2011-06-13 10:50:00,,725.0,
2011-06-14 10:35:00,(E),700.0,
2011-06-15 10:40:00,(E),720.0,
2011-06-16 10:44:00,(E),720.0,
2011-06-17 10:36:00,(E),710.0,
2011-06-21 10:54:00,,650.0,
2011-06-22 10:44:00,(E),640.0,
2011-06-23 10:38:00,(E),600.0,
2011-06-24 10:43:00,(E),600.0,
2011-06-27 10:37:00,(E),600.0,
2011-06-28 10:56:00,,595.0,
2011-06-29 10:48:00,,610.0,
2011-06-30 10:44:00,(E),550.0,
2011-07-01 10:50:00,(E),550.0,
2011-07-04 10:47:00,,511.0,
2011-07-05 10:43:00,,570.0,
2011-07-06 10:40:00,,575.0,
2011-07-07 10:38:00,,600.0,
2011-07-08 10:41:00,,600.0,
2011-07-11 10:40:00,,600.0,
2011-07-12 10:44:00,,625.0,
2011-07-13 10:42:00,,650.0,
2011-07-14 10:44:00,,700.0,
2011-07-15 10:40:00,,699.0,
2011-07-18 10:45:00,(E),680.0,
2011-07-19 10:48:00,,680.0,
2011-07-20 10:48:00,,695.0,
2011-07-21 10:49:00,,700.0,
2011-07-22 10:52:00,,665.0,
2011-07-25 10:52:00,(E),645.0,
2011-07-26 10:56:00,(E),665.0,
2011-07-27 10:39:00,,660.0,
2011-07-28 10:40:00,,650.0,
2011-07-29 10:46:00,(E),640.0,
2011-08-01 10:49:00,(E),650.0,
2011-08-02 10:40:00,,670.0,
2011-08-03 10:42:00,,708.0,
2011-08-04 10:50:00,(E),690.0,
2011-08-05 10:36:00,(E),690.0,
2011-08-08 10:35:00,(E),655.0,
2011-08-09 10:43:00,(E),700.0,
2011-08-10 10:41:00,(E),700.0,
2011-08-11 10:40:00,,700.0,
2011-08-12 10:40:00,(E),700.0,
2011-08-15 10:36:00,,700.0,
2011-08-16 10:38:00,,700.0,
2011-08-17 10:48:00,,746.0,
2011-08-18 10:45:00,(E),700.0,
2011-08-19 10:41:00,,722.5,
2011-08-23 10:40:00,,750.0,
2011-08-24 10:35:00,,760.0,
2011-08-25 10:40:00,,760.0,
2011-08-26 10:43:14,,799.0,
2011-08-29 10:40:00,,799.0,
2011-08-30 10:38:00,(E),780.0,
2011-08-31 10:40:00,(E),770.0,
2011-09-01 10:38:00,,750.0,
2011-09-02 10:40:00,,790.0,
2011-09-05 10:36:00,(E),780.0,
2011-09-06 10:50:00,(E),780.0,
2011-09-07 10:35:00,(E),780.0,
2011-09-08 10:40:00,(E),780.0,
2011-09-09 10:42:00,(E),770.0,
2011-09-12 10:40:00,(E),780.0,
2011-09-13 10:54:00,(E),780.0,
2011-09-14 10:55:00,(E),780.0,
2011-09-15 10:45:00,(E),780.0,
2011-09-16 10:38:00,(E),780.0,
2011-09-19 10:40:00,(E),700.0,
2011-09-20 10:44:00,(E),700.0,
2011-09-21 10:39:00,(E),700.0,
2011-09-22 10:35:00,(E),700.0,
2011-09-23 10:35:00,(E),710.0,
2011-09-26 10:33:00,(E),720.0,
2011-09-27 10:38:00,(E),720.0,
2011-09-28 10:35:00,(E),700.0,
2011-09-29 10:43:00,(E),700.0,
2011-09-30 10:44:00,(E),0.0,
2011-10-03 10:38:00,(E),650.0,
2011-10-04 10:37:00,(E),630.0,
2011-10-05 11:05:00,(E),650.0,
2011-10-06 04:36:00,(E),650.0,
2011-10-11 11:02:00,,700.0,
2011-10-12 10:42:00,,745.0,
2011-10-13 10:40:00,,750.0,
2011-10-14 10:37:00,,750.0,
2011-10-17 10:36:00,,750.0,
2011-10-18 10:40:00,(E),730.0,
2011-10-19 10:40:00,(E),710.0,
2011-10-20 10:40:00,(E),730.0,
2011-10-21 10:42:00,,750.0,
2011-10-24 11:04:00,,749.0,
2011-10-25 10:50:00,,750.0,
2011-10-26 10:40:00,(E),730.0,
2011-10-27 10:46:00,,750.0,
2011-10-28 10:38:00,(E),700.0,
2011-10-31 10:38:00,(E),700.0,
2011-11-01 10:40:00,(E),700.0,
2011-11-02 10:40:00,(E),705.0,
2011-11-03 10:40:00,(E),710.0,
2011-11-04 10:44:00,,700.0,
2011-11-07 10:40:00,,700.0,
2011-11-08 10:40:00,,700.0,
2011-11-09 10:49:00,(E),690.0,
2011-11-10 10:35:00,(E),690.0,
2011-11-11 10:48:00,(E),680.0,
2011-11-14 10:43:00,(E),650.0,
2011-11-15 10:58:00,(E),650.0,
2011-11-16 10:45:00,,650.0,
2011-11-17 10:45:00,(E),630.0,
2011-11-18 10:40:00,(E),616.0,
2011-11-21 10:38:00,(E),600.0,
2011-11-22 10:34:00,(E),610.0,
2011-11-23 10:35:00,(E),595.0,
2011-11-24 10:38:00,,600.0,
2011-11-25 10:38:00,,600.0,
2011-11-29 10:45:00,,630.0,
2011-11-30 10:44:00,(E),630.0,
2011-12-01 10:47:00,(E),620.0,
2011-12-02 10:45:00,(E),650.0,
2011-12-05 10:39:00,(E),670.0,
2011-12-06 10:48:00,(E),670.0,
2011-12-07 05:05:00,(E),670.0,
2011-12-12 10:45:00,(E),680.0,
2011-12-13 10:46:00,(E),680.0,
2011-12-14 10:34:00,(E),650.0,
2011-12-15 10:53:00,(E),630.0,
2011-12-16 10:42:00,(E),650.0,
2011-12-19 11:00:00,,700.0,
2011-12-20 11:00:00,(E),650.0,
2011-12-21 10:43:00,(E),650.0,
2011-12-22 10:48:00,,680.0,
2011-12-23 03:40:00,(E),650.0,
2011-12-27 10:45:00,,700.0,
2011-12-28 10:42:00,(E),690.0,
2011-12-29 10:44:00,(E),660.0,
2011-12-30 04:10:00,(E),670.0,
2012-01-03 11:01:00,(E),680.0,
2012-01-04 10:50:00,(E),690.0,
2012-01-05 10:55:00,,700.0,
2012-01-06 10:40:00,(E),700.0,
2012-01-09 10:51:00,(E),720.0,
2012-01-10 10:38:00,(E),720.0,
2012-01-11 10:46:00,(E),720.0,
2012-01-12 10:35:00,(E),0.0,
2012-01-13 10:36:00,(E),0.0,
2012-01-16 10:40:00,(E),0.0,
2012-01-17 10:47:00,(E),750.0,
2012-01-18 10:42:00,(E),750.0,
2012-01-19 10:47:00,(E),750.0,
2012-01-20 10:45:00,(E),750.0,
2012-01-23 10:55:00,(E),0.0,
2012-01-24 11:08:00,(E),0.0,
2012-01-25 10:53:00,(E),690.0,
2012-01-26 10:44:00,(E),690.0,
2012-01-27 10:40:00,(E),685.0,
2012-01-30 10:44:00,(E),680.0,
2012-01-31 10:44:00,(E),690.0,
2012-02-01 10:45:00,(E),690.0,
2012-02-02 10:48:00,(E),690.0,
2012-02-03 10:41:00,(E),690.0,
2012-02-06 10:47:00,(E),0.0,
2012-02-07 10:48:00,(E),0.0,
2012-02-08 10:50:00,(E),0.0,
2012-02-09 10:41:00,(E),600.0,
2012-02-10 10:55:00,(E),600.0,
2012-02-13 10:53:00,(E),600.0,
2012-02-14 11:18:00,,600.0,
2012-02-15 12:03:00,,600.0,
2012-02-16 10:58:00,(E),600.0,
2012-02-17 10:38:00,(E),600.0,
2012-02-22 10:39:00,(E),600.0,
2012-02-23 10:36:00,(E),600.0,
2012-02-24 10:44:00,(E),600.0,
2012-02-28 10:44:00,,640.0,
2012-02-29 10:55:00,,650.0,
2012-03-01 10:43:00,,650.0,
2012-03-02 10:44:00,(E),650.0,
2012-03-05 10:43:00,(E),650.0,
2012-03-06 10:49:00,,650.0,
2012-03-07 10:44:00,(E),640.0,
2012-03-08 10:43:00,,647.0,
2012-03-09 10:40:00,(E),650.0,
2012-03-12 10:48:00,,670.0,
2012-03-13 10:48:00,,670.0,
2012-03-14 10:55:00,,670.0,
2012-03-15 10:53:00,,670.0,
2012-03-16 10:53:00,,670.0,
2012-03-19 10:40:00,(E),650.0,
2012-03-20 10:52:00,(E),630.0,
2012-03-21 10:49:00,(E),630.0,
2012-03-22 10:43:00,,650.0,
2012-03-23 10:59:00,(E),650.0,
2012-03-26 10:41:00,,700.0,
2012-03-27 10:55:00,,670.0,
2012-03-28 10:58:00,,650.0,
2012-03-29 10:55:00,(E),640.0,
2012-03-30 04:31:00,,700.0,
2012-04-03 10:45:00,,700.0,
2012-04-04 04:58:00,(E),700.0,
2012-04-09 10:50:00,,681.0,
2012-04-10 10:57:00,,650.0,
2012-04-11 10:44:00,,650.0,
2012-04-12 10:48:00,,650.0,
2012-04-13 10:45:00,(E),650.0,
2012-04-16 10:50:00,(E),650.0,
2012-04-17 10:44:00,,630.0,
2012-04-18 10:50:00,(E),610.0,
2012-04-19 10:45:00,,630.0,
2012-04-20 10:46:00,,630.0,
2012-04-23 10:47:00,,630.0,
2012-04-24 10:50:00,,630.0,
2012-04-25 10:48:00,,638.0,
2012-04-26 10:48:00,,650.0,
2012-04-27 04:36:00,,660.0,
2012-05-02 11:07:00,(E),640.0,
2012-05-03 10:50:00,(E),640.0,
2012-05-04 10:45:00,(E),640.0,
2012-05-07 10:47:00,(E),630.0,
2012-05-08 10:44:00,(E),650.0,
2012-05-09 10:38:00,(E),620.0,
2012-05-10 10:35:00,(E),600.0,
2012-05-11 10:40:00,(E),600.0,
2012-05-14 10:40:00,(E),600.0,
2012-05-15 10:45:00,,590.0,
2012-05-16 10:50:00,,620.0,
2012-05-17 10:50:00,,650.0,
2012-05-18 10:43:00,,660.0,
2012-05-21 10:45:00,,650.0,
2012-05-22 09:55:00,(E),640.0,
2012-05-23 09:45:00,(E),640.0,
2012-05-24 09:47:00,(E),620.0,
2012-05-28 09:55:00,(E),610.0,
2012-05-29 09:50:00,(E),600.0,
2012-05-30 10:05:00,,600.0,
2012-05-31 09:38:00,(E),600.0,
2012-06-01 09:45:00,,600.0,
2012-06-04 09:43:00,,600.0,
2012-06-05 09:41:00,,600.0,
2012-06-06 10:01:00,(E),600.0,
2012-06-07 09:45:00,(E),600.0,
2012-06-08 09:40:00,(E),600.0,
2012-06-11 09:39:00,(E),595.0,
2012-06-12 09:45:00,(E),580.0,
2012-06-13 09:52:00,,578.0,
2012-06-14 09:44:00,,580.0,
2012-06-15 09:44:00,,580.0,
2012-06-18 09:50:00,,580.0,
2012-06-19 05:20:00,(E),595.0,
2012-06-21 10:00:00,(E),600.0,
2012-06-22 11:00:00,(E),600.0,
2012-06-25 09:59:00,,638.0,
2012-06-26 09:58:00,,640.0,
2012-06-27 10:46:00,,657.0,
2012-06-28 10:15:00,(E),640.0,
2012-06-29 09:48:00,(E),640.0,
2012-07-02 09:50:00,,650.0,
2012-07-03 09:51:00,(E),650.0,
2012-07-04 09:51:00,(E),650.0,
2012-07-05 10:02:00,(E),670.0,
2012-07-06 09:44:00,(E),680.0,
2012-07-10 09:50:00,(E),700.0,
2012-07-11 09:43:00,(E),720.0,
2012-07-12 09:55:00,,700.0,
2012-07-13 09:45:00,,720.0,
2012-07-16 09:42:00,,730.0,
2012-07-17 09:50:00,,730.0,
2012-07-18 09:58:00,,720.0,
2012-07-19 09:50:00,,750.0,
2012-07-20 09:45:00,,750.0,
2012-07-23 09:45:00,(E),710.0,
2012-07-24 09:40:00,(E),700.0,
2012-07-25 09:40:00,,740.0,
2012-07-26 09:44:00,(E),740.0,
2012-07-27 09:50:00,(E),750.0,
2012-07-30 09:50:00,(E),770.0,
2012-07-31 09:46:00,(E),780.0,
2012-08-01 09:40:00,(E),760.0,
2012-08-02 09:51:00,(E),750.0,
2012-08-03 09:41:00,(E),750.0,
2012-08-06 09:44:00,(E),780.0,
2012-08-07 09:41:00,(E),760.0,
2012-08-08 09:50:00,(E),760.0,
2012-08-09 09:55:00,(E),760.0,
2012-08-10 09:52:00,(E),760.0,
2012-08-13 09:44:00,(E),760.0,
2012-08-14 09:37:00,(E),760.0,
2012-08-15 09:47:00,(E),750.0,
2012-08-16 09:38:00,(E),780.0,
2012-08-17 09:40:00,(E),790.0,
2012-08-21 09:43:00,(E),810.0,
2012-08-22 09:47:00,(E),810.0,
2012-08-23 09:50:00,(E),805.0,
2012-08-24 09:35:00,(E),800.0,
2012-08-27 09:43:00,,820.0,
2012-08-28 10:00:00,(E),810.0,
2012-08-29 09:39:12,,820.0,
2012-08-30 10:02:00,,820.0,
2012-08-31 10:00:00,(E),820.0,
2012-09-03 09:36:00,(E),810.0,
2012-09-04 09:38:00,(E),820.0,
2012-09-05 09:41:00,(E),820.0,
2012-09-06 09:49:00,(E),830.0,
2012-09-07 09:35:00,(E),820.0,
2012-09-10 09:39:00,(E),830.0,
2012-09-11 09:37:00,(E),825.0,
2012-09-12 09:40:00,(E),825.0,
2012-09-13 09:41:00,(E),830.0,
2012-09-14 09:40:00,(E),830.0,
2012-09-17 09:39:00,(E),800.0,
2012-09-18 09:38:00,(E),800.0,
2012-09-19 09:38:00,(E),810.0,
2012-09-20 10:05:00,(E),810.0,
2012-09-21 10:01:00,(E),810.0,
2012-09-25 10:03:00,(E),820.0,
2012-09-26 09:59:00,(E),800.0,
2012-09-27 10:06:00,(E),800.0,
2012-09-28 10:10:00,(E),810.0,
2012-10-01 10:07:00,(E),810.0,
2012-10-02 10:18:00,(E),820.0,
2012-10-03 10:15:00,(E),820.0,
2012-10-04 10:21:00,(E),820.0,
2012-10-05 10:10:00,(E),830.0,
2012-10-09 10:13:00,(E),830.0,
2012-10-10 10:27:00,(E),840.0,
2012-10-11 10:28:00,(E),840.0,
2012-10-12 10:26:00,(E),840.0,
2012-10-15 10:13:00,(E),820.0,
2012-10-16 10:15:00,(E),810.0,
2012-10-17 10:10:00,(E),810.0,
2012-10-18 10:04:00,(E),830.0,
2012-10-19 10:04:00,(E),830.0,
2012-10-22 10:04:00,,830.0,
2012-10-23 09:05:00,(E),830.0,
2012-10-24 10:07:00,(E),830.0,
2012-10-25 10:07:00,(E),840.0,
2012-10-26 10:04:00,(E),840.0,
2012-10-29 10:04:00,(E),840.0,
2012-10-30 10:05:00,(E),840.0,
2012-10-31 10:07:00,(E),840.0,
2012-11-01 10:18:00,(E),840.0,
2012-11-02 10:07:00,(E),840.0,
2012-11-05 10:10:00,(E),840.0,
2012-11-06 10:18:00,(E),840.0,
2012-11-07 10:04:00,(E),840.0,
2012-11-08 10:14:00,(E),840.0,
2012-11-09 10:02:00,(E),840.0,
2012-11-12 10:07:00,(E),830.0,
2012-11-13 10:03:00,(E),830.0,
2012-11-14 10:05:00,(E),830.0,
2012-11-15 10:07:00,(E),830.0,
2012-11-16 10:05:00,(E),830.0,
2012-11-19 10:09:00,(E),820.0,
2012-11-20 10:07:00,(E),830.0,
2012-11-21 10:30:00,(E),830.0,
2012-11-22 10:15:00,(E),830.0,
2012-11-23 10:06:00,(E),830.0,
2012-11-27 10:16:00,(E),830.0,
2012-11-28 10:32:00,(E),830.0,
2012-11-29 10:22:00,(E),830.0,
2012-11-30 10:04:00,(E),830.0,
2012-12-03 10:13:00,(E),820.0,
2012-12-04 10:08:00,(E),820.0,
2012-12-05 10:16:00,(E),810.0,
2012-12-06 10:28:00,(E),800.0,
2012-12-07 10:13:00,(E),800.0,
2012-12-10 10:24:00,(E),790.0,
2012-12-11 10:16:00,(E),790.0,
2012-12-12 10:05:00,(E),790.0,
2012-12-13 10:10:00,(E),790.0,
2012-12-14 10:08:00,(E),800.0,
2012-12-17 10:14:00,(E),800.0,
2012-12-18 10:11:00,(E),800.0,
2012-12-19 10:07:00,(E),800.0,
2012-12-20 10:06:00,,800.0,
2012-12-21 05:22:00,,800.0,
2012-12-26 10:10:00,(E),800.0,
2012-12-27 10:12:00,(E),790.0,
2012-12-28 03:40:00,(E),780.0,
2013-01-02 10:09:00,(E),770.0,
2013-01-03 10:12:00,(E),770.0,
2013-01-04 10:10:00,(E),770.0,
2013-01-07 10:10:00,,750.0,
2013-01-08 10:10:00,,800.0,
2013-01-09 10:04:00,(E),800.0,
2013-01-10 10:07:00,,800.0,
2013-01-11 10:05:00,(E),820.0,
2013-01-14 10:05:00,(E),840.0,
2013-01-15 10:12:00,(E),845.0,
2013-01-16 10:07:00,(E),840.0,
2013-01-17 10:11:00,(E),855.0,
2013-01-18 10:06:00,(E),875.0,
2013-01-21 10:14:00,(E),860.0,
2013-01-22 10:10:00,(E),860.0,
2013-01-23 10:08:00,(E),860.0,
2013-01-24 10:06:00,(E),870.0,
2013-01-25 10:10:00,(E),870.0,
2013-01-28 10:10:00,(E),880.0,
2013-01-29 10:12:00,(E),880.0,
2013-01-30 04:10:00,(E),890.0,
2013-02-01 10:24:00,(E),890.0,
2013-02-04 10:14:00,(E),900.0,
2013-02-05 10:12:00,,880.0,
2013-02-06 10:03:00,(E),870.0,
2013-02-07 10:05:00,(E),870.0,
2013-02-08 04:12:00,(E),880.0,
2013-02-13 10:12:00,,850.0,
2013-02-14 10:03:00,(E),850.0,
2013-02-15 10:11:00,,850.0,
2013-02-18 10:10:00,(E),850.0,
2013-02-19 05:45:00,(E),850.0,
2013-02-21 10:23:00,,850.0,
2013-02-22 10:24:00,,850.0,
2013-02-25 10:10:00,,850.0,
2013-02-26 10:05:00,,850.0,
2013-02-27 10:25:00,(E),840.0,
2013-02-28 10:25:00,,865.0,
2013-03-01 10:13:00,,865.0,
2013-03-04 10:48:00,,840.0,
2013-03-05 10:24:00,,840.0,
2013-03-06 10:28:00,(E),830.0,
2013-03-07 10:17:00,(E),800.0,
2013-03-08 10:11:00,(E),795.0,
2013-03-11 10:04:00,,795.0,
2013-03-12 10:10:00,,820.0,
2013-03-13 10:16:00,,823.0,
2013-03-14 10:41:00,(E),820.0,
2013-03-15 10:31:00,(E),820.0,
2013-03-18 10:12:00,(E),830.0,
2013-03-19 10:27:00,,850.0,
2013-03-20 10:36:00,,860.0,
2013-03-21 10:33:00,,860.0,
2013-03-22 10:07:00,,850.0,
2013-03-25 10:06:00,(E),850.0,
2013-03-26 10:12:00,,830.0,
2013-03-27 04:13:00,,845.0,
2013-04-03 10:20:00,(E),695.0,
2013-04-04 10:25:00,(E),700.0,
2013-04-05 10:30:00,,700.0,
2013-04-08 10:21:00,,720.0,
2013-04-09 10:30:00,(E),750.0,
2013-04-10 10:12:00,,750.0,
2013-04-11 10:18:00,(E),770.0,
2013-04-12 10:16:00,(E),780.0,
2013-04-15 10:12:00,(E),780.0,
2013-04-16 10:09:00,,800.0,
2013-04-17 10:18:00,,820.0,
2013-04-18 10:15:00,,820.0,
2013-04-19 10:02:00,,820.0,
2013-04-22 10:08:00,(E),800.0,
2013-04-23 10:20:00,(E),780.0,
2013-04-24 10:02:00,,785.0,
2013-04-25 10:16:00,(E),790.0,
2013-04-26 10:02:00,(E),800.0,
2013-04-29 10:18:00,,850.0,
2013-04-30 04:13:00,,850.0,
2013-05-02 10:12:00,,850.0,
2013-05-03 10:12:00,(E),860.0,
2013-05-06 10:07:00,(E),830.0,
2013-05-07 10:07:00,,850.0,
2013-05-08 10:12:00,,850.0,
2013-05-09 10:15:00,,860.0,
2013-05-10 10:04:00,,840.0,
2013-05-13 10:13:00,,859.0,
2013-05-14 10:44:00,,852.0,
2013-05-15 10:40:00,,850.0,
2013-05-16 10:40:00,,860.0,
2013-05-17 10:18:00,,846.0,
2013-05-20 10:19:00,(E),840.0,
2013-05-21 10:40:00,,845.0,
2013-05-22 10:20:00,,865.0,
2013-05-23 10:24:00,,870.0,
2013-05-24 10:46:00,,868.0,
2013-05-27 11:14:00,,860.0,
2013-05-28 10:29:00,,889.0,
2013-05-29 11:00:00,,870.0,
2013-05-30 10:13:00,,849.0,
2013-05-31 10:06:00,,870.0,
2013-06-03 10:18:00,,850.0,
2013-06-04 10:12:00,,852.0,
2013-06-05 10:15:00,(E),860.0,
2013-06-06 10:25:00,,863.0,
2013-06-07 10:08:00,,891.0,
2013-06-10 10:10:00,(E),848.0,
2013-06-11 10:26:00,,860.0,
2013-06-12 10:11:00,,850.0,
2013-06-13 10:15:00,,850.0,
2013-06-14 10:12:00,,850.0,
2013-06-17 10:06:00,(E),860.0,
2013-06-18 10:12:00,(E),870.0,
2013-06-19 03:08:00,(E),870.0,
2013-06-24 10:09:00,,850.0,
2013-06-25 10:30:00,,849.0,
2013-06-26 10:40:00,,850.0,
2013-06-27 10:55:00,,845.0,
2013-06-28 10:06:00,(E),835.0,
2013-07-01 10:36:00,(E),790.0,
2013-07-02 10:11:00,(E),790.0,
2013-07-03 10:00:00,,780.0,
2013-07-04 10:12:00,(E),780.0,
2013-07-05 10:05:00,(E),780.0,
2013-07-08 10:25:00,(E),800.0,
2013-07-10 10:05:00,,850.0,
2013-07-11 10:12:00,,851.0,
2013-07-12 10:00:00,(E),820.0,
2013-07-15 10:12:00,,800.0,
2013-07-16 10:32:00,,848.0,
2013-07-17 10:13:00,,820.0,
2013-07-18 10:16:00,(E),820.0,
2013-07-19 10:10:00,(E),810.0,
2013-07-22 10:03:00,,800.0,
2013-07-23 10:17:00,(E),790.0,
2013-07-24 10:05:00,(E),770.0,
2013-07-25 10:08:00,(E),760.0,
2013-07-26 10:05:00,,750.0,
2013-07-29 10:04:00,,760.0,
2013-07-30 10:10:00,(E),760.0,
2013-07-31 10:10:00,,770.0,
2013-08-01 10:05:00,(E),760.0,
2013-08-02 10:10:00,(E),755.0,
2013-08-05 10:12:00,(E),730.0,
2013-08-06 10:30:00,,730.0,
2013-08-07 10:16:00,,730.0,
2013-08-08 10:02:00,,750.0,
2013-08-09 10:14:00,,760.0,
2013-08-12 10:11:00,,796.0,
2013-08-13 09:59:00,,775.0,
2013-08-14 10:06:00,,770.0,
2013-08-15 10:05:00,,797.0,
2013-08-16 10:14:00,,800.0,
2013-08-20 10:25:00,,835.0,
2013-08-21 10:21:00,,850.0,
2013-08-22 10:26:00,,850.0,
2013-08-23 10:18:00,(E),850.0,
2013-08-26 10:27:00,,875.0,
2013-08-27 10:20:00,,875.0,
2013-08-28 10:30:00,,855.0,
2013-08-29 10:18:00,,850.0,
2013-08-30 10:14:00,,850.0,
2013-09-02 10:23:00,,850.0,
2013-09-03 10:14:00,,860.0,
2013-09-04 10:12:00,(E),850.0,
2013-09-05 10:15:00,,875.0,
2013-09-06 10:45:00,,875.0,
2013-09-09 10:14:00,,865.0,
2013-09-10 10:15:00,,850.0,
2013-09-11 11:00:00,,850.0,
2013-09-12 10:33:00,,850.0,
2013-09-13 10:22:00,(E),840.0,
2013-09-16 10:26:00,(E),840.0,
2013-09-17 10:16:00,,850.0,
2013-09-18 10:20:00,,850.0,
2013-09-19 10:11:00,,850.0,
2013-09-20 10:20:00,,850.0,
2013-09-23 10:10:00,,830.0,
2013-09-24 10:09:00,(E),830.0,
2013-09-25 10:04:00,(E),830.0,
2013-09-26 10:16:00,(E),840.0,
2013-09-27 10:04:00,(E),850.0,
2013-09-30 10:05:00,(E),840.0,
2013-10-01 10:26:00,(E),840.0,
2013-10-02 10:10:00,(E),840.0,
2013-10-03 10:17:00,(E),840.0,
2013-10-04 04:26:00,(E),840.0,
2013-10-08 10:22:00,(E),840.0,
2013-10-09 10:30:00,(E),840.0,
2013-10-10 10:24:00,(E),840.0,
2013-10-11 04:18:00,(E),840.0,
2013-10-15 10:09:00,(E),850.0,
2013-10-16 10:46:00,(E),840.0,
2013-10-17 10:30:00,(E),855.0,
2013-10-18 10:10:00,,865.0,
2013-10-21 10:25:00,,855.0,
2013-10-22 10:17:00,,855.0,
2013-10-23 10:42:00,,870.0,
2013-10-24 10:15:00,,870.0,
2013-10-25 10:10:00,,877.0,
2013-10-28 10:08:00,,870.0,
2013-10-29 10:10:00,(E),900.0,
2013-10-30 10:03:00,,900.0,
2013-10-31 10:11:00,(E),910.0,
2013-11-01 10:13:00,(E),910.0,
2013-11-04 10:12:00,(E),930.0,
2013-11-05 10:23:00,(E),930.0,
2013-11-06 10:30:00,(E),930.0,
2013-11-07 10:26:00,,950.0,
2013-11-08 10:22:00,,950.0,
2013-11-11 10:05:00,(E),950.0,
2013-11-12 10:30:00,,950.0,
2013-11-13 10:14:00,,950.0,
2013-11-14 10:28:00,,950.0,
2013-11-15 10:21:00,,950.0,
2013-11-18 10:45:00,(E),920.0,
2013-11-19 10:30:00,,900.0,
2013-11-20 10:27:00,(E),880.0,
2013-11-21 10:38:00,,880.0,
2013-11-22 04:15:00,(E),880.0,
2013-11-26 10:05:00,(E),880.0,
2013-11-27 10:05:00,,880.0,
2013-11-28 10:01:00,(E),880.0,
2013-11-29 10:08:00,(E),860.0,
2013-12-02 10:12:00,,850.0,
2013-12-03 10:10:00,,850.0,
2013-12-04 10:15:00,,850.0,
2013-12-05 10:12:00,(E),850.0,
2013-12-06 10:15:00,(E),850.0,
2013-12-09 10:12:00,,820.0,
2013-12-10 10:12:00,(E),820.0,
2013-12-11 10:06:00,,820.0,
2013-12-12 10:05:00,(E),810.0,
2013-12-13 10:05:00,,810.0,
2013-12-16 10:05:00,,800.0,
2013-12-17 10:13:00,,800.0,
2013-12-18 10:10:00,(E),800.0,
2013-12-19 10:10:00,,800.0,
2013-12-20 10:03:00,(E),780.0,
2013-12-23 04:12:00,,780.0,
2013-12-26 10:08:00,(E),780.0,
2013-12-27 10:29:00,(E),760.0,
2013-12-30 03:15:00,(E),750.0,
2014-01-02 10:16:00,(E),750.0,
2014-01-03 10:12:00,,750.0,
2014-01-06 10:02:00,(E),750.0,
2014-01-07 10:05:00,(E),750.0,
2014-01-08 10:04:00,,800.0,
2014-01-09 10:07:00,,800.0,
2014-01-10 10:14:00,(E),850.0,
2014-01-13 10:15:00,(E),850.0,
2014-01-14 10:12:00,,850.0,
2014-01-15 10:20:00,,850.0,
2014-01-16 10:00:00,(E),850.0,
2014-01-17 10:15:00,(E),860.0,
2014-01-20 10:10:00,(E),870.0,
2014-01-21 10:02:00,(E),875.0,
2014-01-22 10:22:00,,970.0,
2014-01-23 10:48:00,(E),1020.0,
2014-01-24 10:08:00,,1000.0,
2014-01-27 10:05:00,,1000.0,
2014-01-28 10:15:00,(E),1020.0,
2014-01-29 10:15:00,,1050.0,
2014-01-30 10:27:00,,1050.0,
2014-01-31 10:16:00,(E),1050.0,
2014-02-03 10:35:00,(E),1060.0,
2014-02-04 10:46:00,,1100.0,
2014-02-05 10:37:00,,1100.0,
2014-02-06 10:18:00,,1100.0,
2014-02-07 10:24:00,(E),1075.0,
2014-02-10 10:34:00,,1050.0,
2014-02-11 10:25:00,,1050.0,
2014-02-12 10:16:00,,1050.0,
2014-02-13 10:14:00,(E),1050.0,
2014-02-14 10:44:00,,1050.0,
2014-02-17 10:13:00,(E),1050.0,
2014-02-18 10:19:00,,1050.0,
2014-02-19 10:51:00,,1050.0,
2014-02-20 10:52:00,,1050.0,
2014-02-21 10:10:00,,1050.0,
2014-02-24 10:20:00,,1050.0,
2014-02-25 10:08:00,,1050.0,
2014-02-26 10:16:00,,1050.0,
2014-02-27 10:15:00,,1050.0,
2014-02-28 04:21:00,,1050.0,
2014-03-05 10:13:00,,1050.0,
2014-03-06 10:08:00,,1050.0,
2014-03-07 10:44:00,,1100.0,
2014-03-10 10:21:00,,1050.0,
2014-03-11 10:06:00,,1050.0,
2014-03-12 10:14:00,,1050.0,
2014-03-13 10:19:00,,1050.0,
2014-03-14 10:16:00,,1050.0,
2014-03-17 10:07:00,,1050.0,
2014-03-18 10:22:00,,1030.0,
2014-03-19 10:38:00,(E),1030.0,
2014-03-20 10:17:00,(E),1030.0,
2014-03-21 04:14:00,,1050.0,
2014-03-25 10:23:00,,1050.0,
2014-03-26 10:16:00,,1040.0,
2014-03-27 10:07:00,(E),1030.0,
2014-03-28 10:08:00,,1030.0,
2014-03-31 10:16:00,(E),1020.0,
2014-04-01 03:43:00,(E),1000.0,
2014-04-03 10:17:00,(E),1000.0,
2014-04-04 10:11:00,(E),1000.0,
2014-04-07 10:10:00,,1000.0,
2014-04-08 10:24:00,,1000.0,
2014-04-09 10:17:00,(E),1020.0,
2014-04-10 10:23:00,,1050.0,
2014-04-11 10:27:00,,1050.0,
2014-04-14 10:09:00,,1050.0,
2014-04-15 10:09:00,,1050.0,
2014-04-16 04:09:00,,1075.0,
2014-04-21 10:28:00,,1020.0,
2014-04-22 10:21:00,,1030.0,
2014-04-23 10:09:00,,1050.0,
2014-04-24 10:10:00,,1050.0,
2014-04-25 10:15:00,,1050.0,
2014-04-28 10:08:00,,1030.0,
2014-04-29 10:04:00,,1050.0,
2014-04-30 03:38:00,(E),1030.0,
2014-05-05 10:08:00,(E),1030.0,
2014-05-06 10:14:00,(E),1030.0,
2014-05-07 10:09:00,,1080.0,
2014-05-08 10:01:00,(E),1080.0,
2014-05-09 09:59:00,(E),1080.0,
2014-05-12 10:01:00,(E),1080.0,
2014-05-13 10:01:00,,1080.0,
2014-05-14 10:10:00,,1100.0,
2014-05-15 10:31:00,(E),1050.0,
2014-05-16 10:19:00,,1030.0,
2014-05-19 10:07:00,,1030.0,
2014-05-20 10:12:00,,1100.0,
2014-05-21 10:30:00,,1100.0,
2014-05-22 10:20:00,,1100.0,
2014-05-23 10:22:00,,1100.0,
2014-05-26 10:08:00,,1100.0,
2014-05-27 10:15:00,,1060.0,
2014-05-28 10:15:00,,1050.0,
2014-05-29 10:21:00,,1050.0,
2014-05-30 10:14:00,,1070.0,
2014-06-02 10:12:00,,1050.0,
2014-06-03 10:19:00,,1050.0,
2014-06-04 10:18:00,,1050.0,
2014-06-05 10:15:00,,1050.0,
2014-06-06 10:14:00,,1051.0,
2014-06-09 10:21:00,,1020.0,
2014-06-10 10:10:00,,1020.0,
2014-06-11 10:31:00,,1020.0,
2014-06-12 10:01:00,,1015.0,
2014-06-13 10:21:00,,1033.0,
2014-06-16 10:36:00,,1025.0,
2014-06-17 10:01:00,,1030.0,
2014-06-18 10:09:00,,1020.0,
2014-06-19 03:46:00,,1030.0,
2014-06-23 10:15:00,,1022.0,
2014-06-24 10:05:00,,1013.0,
2014-06-25 10:09:00,,1005.0,
2014-06-26 10:28:00,,1000.0,
2014-06-27 10:24:00,,1010.0,
2014-06-30 10:16:00,,950.0,
2014-07-01 10:12:00,,940.0,
2014-07-02 10:26:00,,930.0,
2014-07-03 10:48:00,,930.0,
2014-07-04 10:22:00,,920.0,
2014-07-07 10:16:00,,900.0,
2014-07-08 03:41:00,,900.0,
2014-07-10 10:09:00,,880.0,
2014-07-11 10:20:00,,880.0,
2014-07-14 10:25:00,,880.0,
2014-07-15 10:05:00,,885.0,
2014-07-16 10:13:00,,890.0,
2014-07-17 10:11:00,,899.0,
2014-07-18 10:25:00,,900.0,
2014-07-21 10:16:00,,860.0,
2014-07-22 10:16:00,,860.0,
2014-07-23 10:13:00,,880.0,
2014-07-24 10:06:00,(E),890.0,
2014-07-25 10:10:00,(E),890.0,
2014-07-28 10:12:00,(E),900.0,
2014-07-29 10:05:00,(E),900.0,
2014-07-30 10:10:00,(E),900.0,
2014-07-31 10:10:00,,900.0,
2014-08-01 10:34:00,,890.0,
2014-08-04 10:31:00,,900.0,
2014-08-05 10:07:00,,880.0,
2014-08-06 10:23:00,(E),880.0,
2014-08-07 10:02:00,,870.0,
2014-08-08 10:16:00,,870.0,
2014-08-11 10:21:00,,865.0,
2014-08-12 10:04:00,,890.0,
2014-08-13 10:06:00,,870.0,
2014-08-14 10:07:00,,890.0,
2014-08-15 03:56:00,,900.0,
2014-08-19 10:19:00,,870.0,
2014-08-20 10:07:00,,860.0,
2014-08-21 10:08:00,,900.0,
2014-08-22 10:19:00,,900.0,
2014-08-25 10:01:00,,900.0,
2014-08-26 10:04:00,,900.0,
2014-08-27 10:02:00,,880.0,
2014-08-28 10:09:00,,900.0,
2014-08-29 10:33:00,(E),890.0,
2014-09-01 10:21:00,,890.0,
2014-09-02 10:19:00,,893.0,
2014-09-03 10:40:00,,860.0,
2014-09-04 10:16:00,,850.0,
2014-09-05 10:09:00,,850.0,
2014-09-08 10:14:00,,840.0,
2014-09-09 10:25:00,(E),850.0,
2014-09-10 10:25:00,(E),850.0,
2014-09-11 10:10:00,(E),840.0,
2014-09-12 10:07:00,,830.0,
2014-09-15 10:12:00,(E),830.0,
2014-09-16 10:03:00,,830.0,
2014-09-17 10:18:00,,830.0,
2014-09-18 10:23:00,,820.0,
2014-09-19 10:06:00,,820.0,
2014-09-22 10:06:00,,800.0,
2014-09-23 10:09:00,(E),800.0,
2014-09-24 10:18:00,,810.0,
2014-09-25 10:11:00,,800.0,
2014-09-26 10:10:00,(E),800.0,
2014-09-29 10:08:00,(E),800.0,
2014-09-30 10:08:00,(E),790.0,
2014-10-01 10:27:00,(E),790.0,
2014-10-02 10:15:00,(E),820.0,
2014-10-03 10:17:00,(E),820.0,
2014-10-06 04:38:00,(E),820.0,
2014-10-08 10:13:00,(E),850.0,
2014-10-09 10:10:00,,850.0,
2014-10-10 04:13:00,(E),850.0,
2014-10-14 10:10:00,,850.0,
2014-10-15 10:17:00,,870.0,
2014-10-16 10:11:00,,885.0,
2014-10-17 10:07:00,(E),880.0,
2014-10-20 10:21:00,(E),850.0,
2014-10-21 10:21:00,,890.0,
2014-10-22 10:15:00,,890.0,
2014-10-23 10:11:00,,890.0,
2014-10-24 10:26:00,(E),900.0,
2014-10-27 10:23:00,(E),915.0,
2014-10-28 10:06:00,,950.0,
2014-10-29 10:19:00,(E),940.0,
2014-10-30 10:16:00,,940.0,
2014-10-31 10:12:00,(E),940.0,
2014-11-03 10:14:00,,940.0,
2014-11-04 10:18:00,(E),940.0,
2014-11-05 10:18:00,,950.0,
2014-11-06 10:15:00,,950.0,
2014-11-07 10:26:00,,950.0,
2014-11-10 10:09:00,,970.0,
2014-11-11 10:14:00,,970.0,
2014-11-12 10:20:00,(E),970.0,
2014-11-13 10:23:00,,995.0,
2014-11-14 10:10:00,,995.0,
2014-11-17 10:08:00,,990.0,
2014-11-18 10:09:00,,990.0,
2014-11-19 10:17:00,(E),970.0,
2014-11-20 10:22:00,(E),990.0,
2014-11-21 10:15:00,,1010.0,
2014-11-25 10:11:00,,1020.0,
2014-11-26 10:11:00,(E),1040.0,
2014-11-27 10:08:00,(E),1030.0,
2014-11-28 10:11:00,(E),1030.0,
2014-12-01 10:14:00,(E),1030.0,
2014-12-02 10:16:00,(E),1030.0,
2014-12-03 10:11:00,(E),1040.0,
2014-12-04 10:18:00,(E),1050.0,
2014-12-05 10:22:00,,1050.0,
2014-12-09 10:24:00,,1050.0,
2014-12-10 10:25:00,(E),1050.0,
2014-12-11 10:51:00,(E),1050.0,
2014-12-12 10:20:00,(E),1050.0,
2014-12-15 10:14:00,(E),1050.0,
2014-12-16 10:20:00,(E),1050.0,
2014-12-17 10:22:00,(E),1060.0,
2014-12-18 10:11:00,(E),1060.0,
2014-12-19 10:19:00,(E),1070.0,
2014-12-22 10:06:00,(E),1070.0,
2014-12-23 03:46:00,(E),1070.0,
2014-12-29 10:24:00,(E),1050.0,
2014-12-30 04:26:00,(E),1040.0,
2015-01-02 10:14:00,(E),1000.0,
2015-01-05 10:14:00,(E),1000.0,
2015-01-06 10:13:00,(E),1000.0,
2015-01-07 10:12:00,(E),1000.0,
2015-01-08 10:12:00,(E),1000.0,
2015-01-09 10:15:00,(E),990.0,
2015-01-12 10:12:00,(E),990.0,
2015-01-13 10:14:00,(E),990.0,
2015-01-14 10:11:00,(E),970.0,
2015-01-15 10:12:00,,950.0,
2015-01-16 10:01:00,,950.0,
2015-01-19 10:12:00,(E),950.0,
2015-01-20 10:13:00,,950.0,
2015-01-21 10:13:00,,950.0,
2015-01-22 10:13:00,,950.0,
2015-01-23 10:22:00,,970.0,
2015-01-26 10:09:00,,970.0,
2015-01-27 10:10:00,,960.0,
2015-01-28 10:15:00,,960.0,
2015-01-29 10:07:00,,950.0,
2015-01-30 10:26:00,,950.0,
2015-02-02 10:14:00,,950.0,
2015-02-03 10:23:00,,950.0,
2015-02-04 10:22:00,,970.0,
2015-02-05 10:16:00,,1000.0,
2015-02-06 10:15:00,,1000.0,
2015-02-09 10:09:00,,1000.0,
2015-02-10 10:13:00,,980.0,
2015-02-11 10:11:00,,970.0,
2015-02-12 10:13:00,,970.0,
2015-02-13 04:27:00,,950.0,
2015-02-18 10:19:00,,950.0,
2015-02-19 10:10:00,,950.0,
2015-02-20 10:15:00,,960.0,
2015-02-23 10:16:00,,960.0,
2015-02-24 10:16:00,,960.0,
2015-02-25 10:12:00,,985.0,
2015-02-26 10:09:00,,985.0,
2015-02-27 10:13:00,,990.0,
2015-03-02 10:09:00,,990.0,
2015-03-03 10:19:00,,1000.0,
2015-03-04 10:17:00,,1000.0,
2015-03-05 10:27:00,,1010.0,
2015-03-06 10:26:00,,1030.0,
2015-03-09 10:29:00,,1050.0,
2015-03-10 10:12:00,,1050.0,
2015-03-11 10:18:00,,1050.0,
2015-03-12 10:15:00,,1050.0,
2015-03-13 10:14:00,,1050.0,
2015-03-16 10:12:00,,1020.0,
2015-03-17 10:14:00,,1000.0,
2015-03-18 10:13:00,,1005.0,
2015-03-19 10:20:00,,1000.0,
2015-03-20 04:56:00,,1025.0,
2015-03-25 10:12:00,,1050.0,
2015-03-26 10:07:00,,1050.0,
2015-03-27 10:11:00,(E),1050.0,
2015-03-30 10:18:00,,1060.0,
2015-03-31 10:19:00,,1060.0,
2015-04-01 04:24:00,,1030.0,
2015-04-06 10:14:00,,1030.0,
2015-04-07 10:09:00,,1030.0,
2015-04-08 10:07:00,,1030.0,
2015-04-09 10:11:00,(E),1030.0,
2015-04-10 10:14:00,(E),1030.0,
2015-04-13 10:12:00,(E),1035.0,
2015-04-14 10:09:00,,1050.0,
2015-04-15 10:15:00,,1050.0,
2015-04-16 10:15:00,,1055.0,
2015-04-17 10:24:00,,1100.0,
2015-04-20 10:14:00,,1105.0,
2015-04-21 10:15:00,,1105.0,
2015-04-22 10:29:00,,1140.0,
2015-04-23 10:27:00,,1150.0,
2015-04-24 10:23:00,,1100.0,
2015-04-27 10:30:00,,1050.0,
2015-04-28 10:36:00,,1050.0,
2015-04-29 10:29:00,,1050.0,
2015-04-30 10:13:00,,1050.0,
2015-05-04 10:17:00,(E),1030.0,
2015-05-05 10:15:00,,1010.0,
2015-05-06 10:27:00,,1040.0,
2015-05-07 10:13:00,(E),1040.0,
2015-05-08 10:12:00,(E),1030.0,
2015-05-11 10:14:00,,1010.0,
2015-05-12 10:20:00,,1000.0,
2015-05-13 10:29:00,,1010.0,
2015-05-14 10:20:00,,1050.0,
2015-05-15 10:25:00,,1050.0,
2015-05-18 10:29:00,,1050.0,
2015-05-19 10:31:00,(E),1050.0,
2015-05-20 10:18:00,,1000.0,
2015-05-21 10:27:00,(E),1000.0,
2015-05-22 10:05:00,(E),1000.0,
2015-05-26 10:01:00,(E),1000.0,
2015-05-27 10:06:00,(E),1000.0,
2015-05-28 10:12:00,(E),1000.0,
2015-05-29 10:07:00,(E),1000.0,
2015-06-01 10:17:00,,1000.0,
2015-06-02 10:19:00,,1050.0,
2015-06-03 10:30:00,,1055.0,
2015-06-04 10:09:00,,1065.0,
2015-06-05 10:07:00,,1098.0,
2015-06-08 10:20:00,,1095.0,
2015-06-09 10:13:00,,1059.0,
2015-06-10 10:15:00,,1050.0,
2015-06-11 10:25:00,,1050.0,
2015-06-12 10:14:00,,1050.0,
2015-06-15 10:11:00,,1000.0,
2015-06-16 10:22:00,,998.0,
2015-06-17 10:19:00,,980.0,
2015-06-18 10:08:00,,970.0,
2015-06-19 10:20:00,(E),950.0,
2015-06-22 10:11:00,(E),950.0,
2015-06-23 10:08:00,,930.0,
2015-06-24 10:07:00,(E),930.0,
2015-06-25 10:21:00,,950.0,
2015-06-26 10:29:00,(E),950.0,
2015-06-29 10:28:00,(E),950.0,
2015-06-30 10:10:00,(E),1000.0,
2015-07-01 10:29:00,(E),1000.0,
2015-07-02 10:15:00,(E),1000.0,
2015-07-03 10:07:00,(E),1000.0,
2015-07-06 10:07:00,(E),1000.0,
2015-07-07 10:16:00,,1020.0,
2015-07-08 10:08:00,(E),1010.0,
2015-07-10 10:14:00,,1050.0,
2015-07-13 10:09:00,,1055.0,
2015-07-14 10:13:00,,1010.0,
2015-07-15 10:14:00,(E),970.0,
2015-07-16 10:30:00,,1000.0,
2015-07-17 10:23:00,(E),950.0,
2015-07-20 10:22:00,,950.0,
2015-07-21 10:15:00,,950.0,
2015-07-22 10:12:00,,960.0,
2015-07-23 10:12:00,,960.0,
2015-07-24 10:08:00,,950.0,
2015-07-27 10:04:00,(E),900.0,
2015-07-28 10:28:00,(E),890.0,
2015-07-29 10:30:00,,870.0,
2015-07-30 10:13:00,,900.0,
2015-07-31 10:23:00,(E),890.0,
2015-08-03 10:24:00,,890.0,
2015-08-04 10:15:00,,850.0,
2015-08-05 10:10:00,(E),880.0,
2015-08-06 10:11:00,(E),880.0,
2015-08-07 10:11:00,(E),880.0,
2015-08-10 10:23:00,(E),900.0,
2015-08-11 10:15:00,(E),910.0,
2015-08-12 10:17:00,,900.0,
2015-08-13 10:11:00,,900.0,
2015-08-14 10:16:00,(E),870.0,
2015-08-18 10:10:00,,900.0,
2015-08-19 10:06:00,,900.0,
2015-08-20 10:26:00,(E),900.0,
2015-08-21 10:09:00,(E),900.0,
2015-08-24 10:18:00,(E),900.0,
2015-08-25 10:19:00,(E),900.0,
2015-08-26 10:08:00,(E),900.0,
2015-08-27 10:06:00,(E),900.0,
2015-08-28 10:09:00,(E),900.0,
2015-08-31 10:18:00,(E),920.0,
2015-09-01 10:10:00,,920.0,
2015-09-02 10:20:00,(E),960.0,
2015-09-03 10:14:00,,970.0,
2015-09-04 10:05:00,,970.0,
2015-09-07 10:10:00,(E),970.0,
2015-09-08 10:09:00,,980.0,
2015-09-09 10:05:00,,1000.0,
2015-09-10 10:09:00,,1000.0,
2015-09-11 10:10:00,,1000.0,
2015-09-14 10:21:00,,1035.0,
2015-09-15 10:17:00,,1050.0,
2015-09-16 10:48:00,,1020.0,
2015-09-17 10:10:00,,1000.0,
2015-09-18 10:10:00,(E),980.0,
2015-09-21 10:04:00,(E),960.0,
2015-09-22 10:11:00,,970.0,
2015-09-23 10:09:00,,1000.0,
2015-09-24 10:15:00,,1000.0,
2015-09-25 10:10:00,,1010.0,
2015-09-28 10:05:00,,1010.0,
2015-09-29 10:11:00,,1020.0,
2015-09-30 10:13:00,,1025.0,
2015-10-01 10:10:00,,1020.0,
2015-10-02 10:21:00,,1020.0,
2015-10-05 10:04:00,,1020.0,
2015-10-06 05:15:00,,1020.0,
2015-10-07 11:25:00,(E),1020.0,
2015-10-08 10:20:00,,1020.0,
2015-10-09 10:11:00,,1040.0,
2015-10-13 10:02:00,,1030.0,
2015-10-14 10:07:00,,1030.0,
2015-10-15 10:09:00,(E),1030.0,
2015-10-16 10:15:00,(E),1030.0,
2015-10-19 10:08:00,(E),1030.0,
2015-10-20 10:01:00,,1030.0,
2015-10-21 10:21:00,,1020.0,
2015-10-22 10:14:00,,1090.0,
2015-10-23 10:31:00,,1040.0,
2015-10-26 10:13:00,,1050.0,
2015-10-27 10:13:00,,1100.0,
2015-10-28 10:26:00,,1100.0,
2015-10-29 10:22:00,,1110.0,
2015-10-30 10:31:00,,1130.0,
2015-11-02 10:05:00,,1100.0,
2015-11-03 10:11:00,,1100.0,
2015-11-04 10:17:00,,1100.0,
2015-11-05 10:20:00,,1120.0,
2015-11-09 10:15:00,,1120.0,
2015-11-10 10:05:00,,1150.0,
2015-11-11 10:13:00,,1150.0,
2015-11-12 10:07:00,,1200.0,
2015-11-13 10:17:00,,1200.0,
2015-11-16 10:18:00,,1200.0,
2015-11-17 10:30:00,,1210.0,
2015-11-18 10:18:00,,1250.0,
2015-11-19 10:32:00,,1260.0,
2015-11-20 10:20:00,,1300.0,
2015-11-23 10:10:00,,1300.0,
2015-11-24 10:10:00,(E),1320.0,
2015-11-25 10:06:00,(E),1320.0,
2015-11-26 10:08:00,(E),1350.0,
2015-11-30 10:10:00,(E),1400.0,
2015-12-01 10:18:00,,1400.0,
2015-12-02 10:19:00,(E),1400.0,
2015-12-03 10:12:00,(E),1400.0,
2015-12-04 10:19:00,(E),1450.0,
2015-12-09 10:15:00,,1400.0,
2015-12-10 10:12:00,,1500.0,
2015-12-11 10:14:00,(E),1500.0,
2015-12-14 10:16:00,(E),1500.0,
2015-12-15 10:18:00,(E),1600.0,
2015-12-16 10:15:00,,1600.0,
2015-12-17 10:19:00,,2000.0,
2015-12-18 10:11:00,,2000.0,
2015-12-21 10:20:00,(E),1700.0,
2015-12-22 10:14:00,(E),1700.0,
2015-12-23 10:14:00,(E),1700.0,
2015-12-28 10:16:00,(E),1950.0,
2015-12-29 10:14:00,(E),1800.0,
2015-12-30 10:11:00,,1900.0,
2016-01-04 10:15:00,(E),1800.0,
2016-01-05 10:14:00,,2000.0,
2016-01-06 10:08:00,,2000.0,
2016-01-07 10:07:00,,2000.0,
2016-01-08 10:14:00,,2000.0,
2016-01-11 10:07:00,,2020.0,
2016-01-12 10:16:00,,2000.0,
2016-01-13 10:19:00,,2000.0,
2016-01-14 10:14:00,,2000.0,
2016-01-15 10:19:00,,2000.0,
2016-01-18 10:19:00,,2000.0,
2016-01-19 10:25:00,,2000.0,
2016-01-20 10:22:00,,2000.0,
2016-01-21 10:28:00,,2000.0,
2016-01-22 10:11:00,,2000.0,
2016-01-25 10:05:00,,2000.0,
2016-01-26 10:20:00,,2000.0,
2016-01-27 10:12:00,,2000.0,
2016-01-28 10:07:00,,2000.0,
2016-01-29 10:07:00,,2000.0,
2016-02-01 10:08:00,(E),1900.0,
2016-02-02 10:06:00,,1900.0,
2016-02-03 10:05:00,,1900.0,
2016-02-04 10:19:00,(E),1900.0,
2016-02-05 10:09:00,(E),1900.0,
2016-02-10 10:08:00,(E),1950.0,
2016-02-11 10:13:00,(E),1970.0,
2016-02-12 10:08:00,(E),1950.0,
2016-02-15 10:12:00,(E),1950.0,
2016-02-16 10:07:00,(E),1900.0,
2016-02-17 10:31:00,(E),1900.0,
2016-02-18 10:12:00,,2000.0,
2016-02-19 10:07:00,(E),2000.0,
2016-02-22 10:05:00,,2000.0,
2016-02-23 10:16:00,,2100.0,
2016-02-24 10:15:00,,2100.0,
2016-02-25 02:25:00,,2100.0,
2016-02-26 10:20:00,,2100.0,
2016-02-29 10:40:00,,2100.0,
2016-03-01 10:31:00,,2170.0,
2016-03-02 10:11:00,(E),2170.0,
2016-03-03 10:20:00,,2170.0,
2016-03-04 10:23:00,,2100.0,
2016-03-07 10:24:00,,2120.0,
2016-03-08 10:10:00,(E),2100.0,
2016-03-09 10:20:00,(E),2100.0,
2016-03-10 10:15:00,(E),2130.0,
2016-03-11 10:13:00,,2100.0,
2016-03-14 10:11:00,,2050.0,
2016-03-15 10:22:00,,2030.0,
2016-03-16 10:12:00,,2000.0,
2016-03-17 10:08:00,,2000.0,
2016-03-18 10:07:00,,2000.0,
2016-03-21 10:07:00,,2000.0,
2016-03-22 10:12:00,(E),1950.0,
2016-03-23 10:13:00,(E),1950.0,
2016-03-28 10:24:00,,1950.0,
2016-03-29 10:11:00,(E),1970.0,
2016-03-30 10:16:00,(E),1950.0,
2016-03-31 10:11:00,,1900.0,
2016-04-01 10:10:00,,1900.0,
2016-04-04 10:11:00,,1900.0,
2016-04-05 10:20:00,,1900.0,
2016-04-06 10:14:00,,1900.0,
2016-04-07 10:15:00,,1900.0,
2016-04-08 10:06:00,(E),1900.0,
2016-04-11 10:06:00,,1900.0,
2016-04-12 10:14:00,,1900.0,
2016-04-13 10:11:00,,1900.0,
2016-04-14 10:13:00,,1900.0,
2016-04-15 10:18:00,,1900.0,
2016-04-18 10:15:00,,1900.0,
2016-04-19 10:04:00,,1900.0,
2016-04-20 10:08:00,,2000.0,
2016-04-21 10:14:00,,2000.0,
2016-04-22 10:21:00,(E),2000.0,
2016-04-25 10:13:00,,2000.0,
2016-04-26 10:10:00,,2000.0,
2016-04-27 10:21:00,,2000.0,
2016-04-28 10:08:00,,2000.0,
2016-04-29 10:11:00,,2000.0,
2016-05-02 10:07:00,,2000.0,
2016-05-03 10:08:00,,2000.0,
2016-05-04 10:15:00,,2000.0,
2016-05-05 10:09:00,,2000.0,
2016-05-06 10:11:00,,2000.0,
2016-05-09 10:16:00,,2000.0,
2016-05-10 10:08:00,,2000.0,
2016-05-11 10:28:00,,2000.0,
2016-05-12 10:29:00,,2050.0,
2016-05-13 10:26:00,,2050.0,
2016-05-16 10:23:00,,2050.0,
2016-05-17 10:16:00,(E),2050.0,
2016-05-18 10:11:00,(E),2100.0,
2016-05-19 10:14:00,(E),2120.0,
2016-05-20 10:12:00,,2150.0,
2016-05-23 10:09:00,,2150.0,
2016-05-24 10:12:00,,2200.0,
2016-05-26 10:08:00,,2200.0,
2016-05-27 10:09:00,,2200.0,
2016-05-30 10:08:00,,2200.0,
2016-05-31 10:09:00,,2200.0,
2016-06-01 10:04:00,,2200.0,
2016-06-02 10:08:00,,2250.0,
2016-06-03 10:14:00,,2250.0,
2016-06-06 10:12:00,,2300.0,
2016-06-07 10:14:00,,2300.0,
2016-06-08 10:15:00,,2350.0,
2016-06-09 10:15:00,,2400.0,
2016-06-10 10:07:00,,2400.0,
2016-06-13 10:29:00,,2300.0,
2016-06-14 10:06:00,,2300.0,
2016-06-15 10:28:00,,2300.0,
2016-06-16 10:18:00,(E),2300.0,
2016-06-21 10:10:00,,2200.0,
2016-06-22 10:12:00,,2200.0,
2016-06-23 10:18:00,,2150.0,
2016-06-24 10:09:00,,2170.0,
2016-06-27 10:10:00,,2200.0,
2016-06-28 10:07:00,,2300.0,
2016-06-29 10:09:00,,2200.0,
2016-06-30 10:17:00,(E),2150.0,
2016-07-01 10:24:00,,2120.0,
2016-07-04 10:09:00,,2100.0,
2016-07-05 10:10:00,(E),2000.0,
2016-07-06 10:14:00,,2000.0,
2016-07-07 10:12:00,,2000.0,
2016-07-11 10:10:00,,2030.0,
2016-07-12 10:12:00,,2090.0,
2016-07-13 10:14:00,(E),2100.0,
2016-07-14 10:09:00,,2100.0,
2016-07-15 10:16:00,,2100.0,
2016-07-18 10:13:00,,2100.0,
2016-07-19 10:15:00,,2120.0,
2016-07-20 10:16:00,,2200.0,
2016-07-21 10:07:00,,2200.0,
2016-07-22 10:13:00,,2170.0,
2016-07-25 10:10:00,,2175.0,
2016-07-26 10:11:00,,2180.0,
2016-07-27 10:24:00,,2200.0,
2016-07-28 10:15:00,,2210.0,
2016-07-29 10:11:00,,2230.0,
2016-08-01 10:12:00,(E),2150.0,
2016-08-02 10:04:00,,2150.0,
2016-08-03 10:09:00,,2150.0,
2016-08-04 10:07:00,,2150.0,
2016-08-05 10:13:00,,2250.0,
2016-08-08 10:06:00,,2175.0,
2016-08-09 10:18:00,,2200.0,
2016-08-10 10:19:00,,2200.0,
2016-08-11 10:16:00,,2150.0,
2016-08-12 10:09:00,,2120.0,
2016-08-16 10:07:00,,2150.0,
2016-08-17 10:29:00,,2150.0,
2016-08-18 10:29:00,,2150.0,
2016-08-19 10:18:00,,2150.0,
2016-08-22 10:25:00,,2150.0,
2016-08-23 10:13:00,,2150.0,
2016-08-24 10:09:00,,2100.0,
2016-08-25 10:15:00,,2060.0,
2016-08-26 10:18:00,,2000.0,
2016-08-29 10:19:00,,2000.0,
2016-08-30 10:09:00,,2000.0,
2016-08-31 10:05:00,,2000.0,
2016-09-01 10:03:00,,2000.0,
2016-09-02 10:11:00,,2000.0,
2016-09-05 10:06:00,(E),1980.0,
2016-09-06 10:10:00,,2000.0,
2016-09-07 10:13:00,,1950.0,
2016-09-08 10:08:00,,1950.0,
2016-09-09 10:07:00,(E),1950.0,
2016-09-12 10:07:00,,1950.0,
2016-09-13 10:05:00,(E),1950.0,
2016-09-14 10:05:00,(E),1900.0,
2016-09-15 10:11:00,(E),1950.0,
2016-09-16 10:08:00,,1900.0,
2016-09-19 10:04:00,,1900.0,
2016-09-20 10:08:00,(E),1950.0,
2016-09-21 10:08:00,,1950.0,
2016-09-22 10:06:00,,1950.0,
2016-09-23 10:11:00,,1900.0,
2016-09-26 10:15:00,,1900.0,
2016-09-27 10:06:00,,1900.0,
2016-09-28 10:05:00,,1900.0,
2016-09-29 10:13:00,,1900.0,
2016-09-30 10:11:00,,1900.0,
2016-10-03 10:08:00,,2000.0,
2016-10-04 10:20:00,,2000.0,
2016-10-05 10:06:00,,2000.0,
2016-10-06 04:10:00,,2000.0,
2016-10-11 10:13:00,,2000.0,
2016-10-12 10:19:00,,1970.0,
2016-10-13 10:06:00,,1950.0,
2016-10-14 10:05:00,,2050.0,
2016-10-17 10:06:00,,2080.0,
2016-10-18 10:09:00,,2100.0,
2016-10-19 10:06:00,,2100.0,
2016-10-20 10:09:00,,2100.0,
2016-10-21 10:14:00,,2100.0,
2016-10-24 10:11:00,,2050.0,
2016-10-25 10:09:00,,2100.0,
2016-10-26 10:14:00,,2100.0,
2016-10-27 10:36:00,,2100.0,
2016-10-28 10:13:00,,2100.0,
2016-10-31 10:09:00,,2080.0,
2016-11-01 10:06:00,,2050.0,
2016-11-02 10:08:00,,2050.0,
2016-11-03 10:24:00,,2050.0,
2016-11-04 10:13:00,,2050.0,
2016-11-07 10:07:00,,2050.0,
2016-11-08 10:12:00,,2070.0,
2016-11-09 10:15:00,,2050.0,
2016-11-10 10:08:00,,2050.0,
2016-11-11 10:10:00,(E),2030.0,
2016-11-14 10:07:00,(E),2040.0,
2016-11-15 10:16:00,,2050.0,
2016-11-16 10:06:00,,2050.0,
2016-11-17 10:09:00,(E),2050.0,
2016-11-18 10:06:00,,2050.0,
2016-11-21 10:13:00,,2050.0,
2016-11-22 10:42:00,,2080.0,
2016-11-23 10:19:00,,2060.0,
2016-11-24 10:06:00,,2100.0,
2016-11-25 10:18:00,(E),2050.0,
2016-11-29 10:08:00,,2050.0,
2016-11-30 10:12:00,,2100.0,
2016-12-01 10:16:00,,2100.0,
2016-12-02 10:11:00,,2100.0,
2016-12-05 10:12:00,,2100.0,
2016-12-06 10:16:00,,2100.0,
2016-12-07 04:41:00,,2100.0,
2016-12-12 10:12:00,,2100.0,
2016-12-13 10:09:00,,2150.0,
2016-12-14 10:07:00,(E),2180.0,
2016-12-15 10:08:00,,2200.0,
2016-12-16 10:04:00,,2200.0,
2016-12-19 10:11:00,,2250.0,
2016-12-20 10:15:00,,2260.0,
2016-12-21 10:07:00,,2300.0,
2016-12-22 10:09:00,(E),2200.0,
2016-12-23 10:07:00,,2200.0,
2016-12-26 10:11:00,(E),2180.0,
2016-12-27 10:10:00,,2220.0,
2016-12-28 10:10:00,(E),2200.0,
2016-12-29 10:13:00,,2375.0,
2016-12-30 10:30:00,(E),2350.0,
2017-01-02 10:12:00,,2300.0,
2017-01-03 10:14:00,,2200.0,
2017-01-04 10:15:00,,2200.0,
2017-01-05 10:15:00,,2200.0,
2017-01-06 10:21:00,(E),2200.0,
2017-01-09 10:12:00,,2300.0,
2017-01-10 10:13:00,(E),2300.0,
2017-01-11 10:12:00,(E),2300.0,
2017-01-12 10:14:00,,2300.0,
2017-01-13 10:18:00,(E),2300.0,
2017-01-16 10:06:00,(E),2300.0,
2017-01-17 10:18:00,,2300.0,
2017-01-18 10:10:00,,2300.0,
2017-01-19 10:16:00,,2300.0,
2017-01-20 10:07:00,(E),2300.0,
2017-01-23 10:18:00,,2370.0,
2017-01-24 10:06:00,(E),2350.0,
2017-01-25 10:27:00,(E),2000.0,
2017-01-26 10:15:00,(E),2000.0,
2017-01-27 10:09:00,(E),2000.0,
2017-01-30 10:14:00,,2000.0,
2017-01-31 10:25:00,,2000.0,
2017-02-01 10:18:00,(E),2000.0,
2017-02-02 10:14:00,(E),2000.0,
2017-02-03 10:10:00,(E),2000.0,
2017-02-06 10:10:00,(E),2000.0,
2017-02-07 10:08:00,(E),2000.0,
2017-02-08 10:18:00,(E),2000.0,
2017-02-09 10:11:00,(E),2000.0,
2017-02-10 10:17:00,(E),2000.0,
2017-02-13 10:07:00,(E),2000.0,
2017-02-14 10:08:00,(E),2000.0,
2017-02-15 10:10:00,(E),2000.0,
2017-02-16 10:12:00,(E),2000.0,
2017-02-17 10:17:00,(E),2000.0,
2017-02-20 10:11:00,(E),2000.0,
2017-02-21 10:15:00,(E),2000.0,
2017-02-22 10:09:00,(E),2000.0,
2017-02-23 10:25:00,,2000.0,
2017-02-24 04:27:00,,2000.0,
2017-03-01 10:12:00,(E),2000.0,
2017-03-02 10:15:00,(E),2000.0,
2017-03-03 10:12:00,(E),2000.0,
2017-03-06 10:07:00,(E),2000.0,
2017-03-07 10:08:00,(E),2000.0,
2017-03-08 10:06:00,(E),2000.0,
2017-03-09 10:07:00,(E),2000.0,
2017-03-10 10:20:00,(E),2000.0,
2017-03-13 10:11:00,,1950.0,
2017-03-14 10:10:00,,1950.0,
2017-03-15 10:06:00,,1950.0,
2017-03-16 10:03:00,,1950.0,
2017-03-17 10:12:00,,1950.0,
2017-03-20 10:09:00,,1900.0,
2017-03-21 10:06:00,,1900.0,
2017-03-22 10:05:00,,1900.0,
2017-03-23 10:08:00,,1850.0,
2017-03-27 10:04:00,,1900.0,
2017-03-28 10:06:00,,1900.0,
2017-03-29 10:12:00,(E),1900.0,
2017-03-30 10:07:00,,1880.0,
2017-03-31 10:02:00,,1900.0,
2017-04-03 10:08:00,,1900.0,
2017-04-04 10:03:00,,1900.0,
2017-04-05 10:14:00,,1900.0,
2017-04-06 10:04:00,,1900.0,
2017-04-07 10:16:00,,1900.0,
2017-04-10 10:05:00,,1850.0,
2017-04-11 10:06:00,,1850.0,
2017-04-12 04:26:00,(E),1850.0,
2017-04-17 10:03:00,(E),1800.0,
2017-04-18 10:03:00,(E),1800.0,
2017-04-19 10:05:00,,1750.0,
2017-04-20 10:09:00,,1750.0,
2017-04-21 10:05:00,(E),1750.0,
2017-04-24 10:02:00,,1750.0,
2017-04-25 10:35:00,,1800.0,
2017-04-26 10:07:00,(E),1800.0,
2017-04-27 10:16:00,,1800.0,
2017-04-28 04:18:00,(E),1800.0,
2017-05-02 10:15:00,,1800.0,
2017-05-03 10:21:00,,1800.0,
2017-05-04 10:11:00,,1800.0,
2017-05-05 10:12:00,(E),1800.0,
2017-05-08 10:09:00,,1800.0,
2017-05-09 10:12:00,,1800.0,
2017-05-10 10:13:00,(E),1800.0,
2017-05-11 10:13:00,,1800.0,
2017-05-12 10:09:00,,1800.0,
2017-05-15 10:11:00,,1820.0,
2017-05-16 10:17:00,,1800.0,
2017-05-17 10:20:00,,1800.0,
2017-05-18 10:18:00,,1830.0,
2017-05-19 10:41:00,,1850.0,
2017-05-22 10:21:00,,1850.0,
2017-05-23 10:14:00,,1850.0,
2017-05-24 10:08:00,(E),1900.0,
2017-05-26 10:28:00,,1850.0,
2017-05-29 10:11:00,,1850.0,
2017-05-30 10:13:00,,1850.0,
2017-05-31 10:10:00,(E),1850.0,
2017-06-01 10:08:00,,1850.0,
2017-06-02 10:12:00,,1850.0,
2017-06-05 10:07:00,,1850.0,
2017-06-06 10:11:00,,1890.0,
2017-06-07 10:17:00,,1900.0,
2017-06-08 10:11:00,,2000.0,
2017-06-09 10:14:00,,2000.0,
2017-06-12 10:13:00,,1950.0,
2017-06-13 10:22:00,,1950.0,
2017-06-14 10:17:00,,1950.0,
2017-06-15 10:14:00,,1900.0,
2017-06-16 10:13:00,,1900.0,
2017-06-19 10:10:00,,1900.0,
2017-06-21 10:10:00,,1950.0,
2017-06-22 10:25:00,,1900.0,
2017-06-23 10:07:00,,1850.0,
2017-06-26 10:14:00,,1850.0,
2017-06-27 10:20:00,,1900.0,
2017-06-28 10:19:00,,1900.0,
2017-06-29 10:24:00,(E),1950.0,
2017-06-30 10:16:00,(E),1950.0,
2017-07-03 10:10:00,,2000.0,
2017-07-04 10:25:00,,2000.0,
2017-07-05 10:09:00,,2000.0,
2017-07-06 10:22:00,,2050.0,
2017-07-07 10:22:00,(E),2100.0,
2017-07-10 10:07:00,(E),2100.0,
2017-07-11 10:19:00,(E),2150.0,
2017-07-12 10:20:00,,2000.0,
2017-07-13 10:30:00,(E),1900.0,
2017-07-14 10:30:00,(E),1950.0,
2017-07-17 10:17:00,,2000.0,
2017-07-18 10:25:00,,2000.0,
2017-07-19 10:10:00,,2000.0,
2017-07-20 10:25:00,,2000.0,
2017-07-21 10:13:00,(E),2000.0,
2017-07-24 10:02:00,,2000.0,
2017-07-25 10:20:00,(E),1950.0,
2017-07-26 10:17:00,(E),2000.0,
2017-07-27 10:18:00,,2050.0,
2017-07-28 10:09:00,,2050.0,
2017-07-31 10:06:00,,2000.0,
2017-08-01 10:21:00,,2000.0,
2017-08-02 10:08:00,(E),2000.0,
2017-08-03 10:15:00,,2000.0,
2017-08-04 10:10:00,(E),2000.0,
2017-08-07 10:12:00,(E),2000.0,
2017-08-08 10:18:00,,2050.0,
2017-08-09 10:07:00,(E),2050.0,
2017-08-10 10:19:00,(E),2000.0,
2017-08-11 10:12:00,,2000.0,
2017-08-14 10:01:00,(E),1950.0,
2017-08-15 10:17:00,,1950.0,
2017-08-16 10:07:00,(E),1950.0,
2017-08-17 10:15:00,,2000.0,
2017-08-18 10:15:00,(E),1950.0,
2017-08-22 10:14:00,(E),1950.0,
2017-08-23 10:11:00,,2000.0,
2017-08-24 10:06:00,,2000.0,
2017-08-25 10:17:00,(E),2000.0,
2017-08-28 10:07:00,(E),2000.0,
2017-08-29 10:12:00,,2000.0,
2017-08-30 10:13:00,,2000.0,
2017-08-31 10:14:00,(E),2000.0,
2017-09-01 10:09:00,(E),2000.0,
2017-09-04 10:03:00,(E),2000.0,
2017-09-05 10:15:00,(E),2000.0,
2017-09-06 10:15:00,(E),2050.0,
2017-09-07 10:14:00,(E),2050.0,
2017-09-08 10:29:00,(E),2050.0,
2017-09-11 10:10:00,(E),2050.0,
2017-09-12 10:26:00,(E),2000.0,
2017-09-13 10:19:00,,2050.0,
2017-09-14 10:11:00,(E),2050.0,
2017-09-15 10:13:00,,2100.0,
2017-09-18 10:12:00,(E),2020.0,
2017-09-19 10:14:00,,2000.0,
2017-09-20 10:14:00,,2000.0,
2017-09-21 10:14:00,,2000.0,
2017-09-22 10:07:00,,2000.0,
2017-09-25 10:04:00,(E),2000.0,
2017-09-26 10:06:00,,2000.0,
2017-09-27 10:07:00,,2000.0,
2017-09-28 10:13:00,,2000.0,
2017-09-29 10:13:00,,2000.0,
2017-10-02 10:04:00,(E),2000.0,
2017-10-03 10:07:00,,2000.0,
2017-10-04 10:16:00,(E),2000.0,
2017-10-05 10:21:00,(E),2000.0,
2017-10-06 10:07:00,(E),2000.0,
2017-10-09 10:03:00,(E),2000.0,
2017-10-10 10:12:00,,2000.0,
2017-10-11 10:12:00,(E),2000.0,
2017-10-12 10:10:00,(E),2000.0,
2017-10-13 10:09:00,(E),2000.0,
2017-10-17 10:23:00,(E),2000.0,
2017-10-18 10:12:00,,2000.0,
2017-10-19 10:22:00,(E),2000.0,
2017-10-20 10:25:00,(E),2000.0,
2017-10-23 10:13:00,(E),2000.0,
2017-10-24 10:11:00,(E),2000.0,
2017-10-25 10:06:00,(E),2000.0,
2017-10-26 10:10:00,(E),2000.0,
2017-10-27 10:21:00,(E),2000.0,
2017-10-30 10:13:00,(E),2050.0,
2017-10-31 10:09:00,(E),2050.0,
2017-11-01 10:13:00,,2000.0,
2017-11-02 10:09:00,,2000.0,
2017-11-03 10:08:00,(E),2000.0,
2017-11-06 10:08:00,,2000.0,
2017-11-07 10:19:00,,2000.0,
2017-11-08 10:20:00,,2000.0,
2017-11-09 10:17:00,(E),2100.0,
2017-11-10 10:25:00,,2000.0,
2017-11-13 10:12:00,,2000.0,
2017-11-14 10:28:00,,2000.0,
2017-11-15 10:16:00,,2000.0,
2017-11-16 10:09:00,,2000.0,
2017-11-17 10:21:00,(E),2000.0,
2017-11-21 10:12:00,(E),2000.0,
2017-11-22 10:22:00,,2000.0,
2017-11-23 10:15:00,(E),2000.0,
2017-11-24 10:06:00,(E),2000.0,
2017-11-27 10:16:00,(E),2000.0,
2017-11-28 10:35:00,(E),2050.0,
2017-11-29 10:11:00,(E),2050.0,
2017-11-30 10:16:00,(E),2050.0,
2017-12-01 10:22:00,(E),2050.0,
2017-12-04 10:12:00,(E),2050.0,
2017-12-05 10:15:00,(E),2100.0,
2017-12-06 10:13:00,(E),2100.0,
2017-12-07 10:18:00,(E),2150.0,
2017-12-11 10:13:00,(E),2150.0,
2017-12-12 10:19:00,,2200.0,
2017-12-13 10:23:00,,2200.0,
2017-12-14 10:19:00,(E),2200.0,
2017-12-15 10:27:00,(E),2200.0,
2017-12-18 10:57:00,(E),2200.0,
2017-12-19 10:45:00,(E),2200.0,
2017-12-20 10:11:00,(E),2200.0,
2017-12-21 10:16:00,(E),2200.0,
2017-12-22 10:08:00,(E),2200.0,
2017-12-26 10:12:00,(E),2200.0,
2017-12-27 10:12:00,(E),2200.0,
2017-12-28 10:09:00,(E),2250.0,
2017-12-29 10:10:00,(E),2250.0,
2018-01-02 10:07:00,,2200.0,
2018-01-03 10:06:00,(E),2200.0,
2018-01-04 10:16:00,,2300.0,
2018-01-05 10:14:00,,2300.0,
2018-01-08 10:07:00,(E),2300.0,
2018-01-09 10:15:00,(E),2300.0,
2018-01-10 10:11:00,(E),2300.0,
2018-01-11 10:06:00,,2300.0,
2018-01-12 10:04:00,(E),2300.0,
2018-01-15 10:08:00,(E),2300.0,
2018-01-16 10:11:00,(E),2300.0,
2018-01-17 10:10:00,(E),2400.0,
2018-01-18 10:07:00,(E),2450.0,
2018-01-19 10:07:00,(E),2450.0,
2018-01-22 10:04:00,(E),2500.0,
2018-01-23 10:15:00,(E),2500.0,
2018-01-24 10:07:00,,2500.0,
2018-01-25 10:10:00,,2500.0,
2018-01-26 10:09:00,,2500.0,
2018-01-29 10:10:00,(E),2500.0,
2018-01-30 10:24:00,(E),2500.0,
2018-01-31 10:38:00,,2500.0,
2018-02-01 10:08:00,(E),2500.0,
2018-02-02 10:08:00,(E),2500.0,
2018-02-05 10:09:00,,2500.0,
2018-02-06 10:08:00,(E),2500.0,
2018-02-07 10:05:00,(E),2500.0,
2018-02-08 10:07:00,(E),2550.0,
2018-02-09 10:04:00,(E),2550.0,
2018-02-14 10:16:00,,2550.0,
2018-02-15 10:14:00,(E),2500.0,
2018-02-16 10:20:00,(E),2550.0,
2018-02-19 10:14:00,(E),2550.0,
2018-02-20 10:15:00,(E),2550.0,
2018-02-21 10:05:00,(E),2550.0,
2018-02-22 10:13:00,(E),2700.0,
2018-02-23 10:06:00,(E),3000.0,
2018-02-26 10:16:00,(E),3000.0,
2018-02-27 10:02:00,,3000.0,
2018-02-28 10:15:00,(E),2600.0,
2018-03-01 10:08:00,(E),2600.0,
2018-03-02 10:07:00,(E),3000.0,
2018-03-05 10:12:00,(E),3000.0,
2018-03-06 10:14:00,(E),3000.0,
2018-03-07 10:20:00,(E),3100.0,
2018-03-08 10:22:00,,3200.0,
2018-03-09 10:17:00,,3200.0,
2018-03-12 10:16:00,,3200.0,
2018-03-13 10:27:00,,3200.0,
2018-03-14 10:29:00,,3200.0,
2018-03-15 10:22:00,,3200.0,
2018-03-16 10:17:00,,3150.0,
2018-03-19 10:29:00,,3200.0,
2018-03-20 10:26:00,,3300.0,
2018-03-21 10:02:00,,3370.0,
2018-03-22 10:14:00,,3370.0,
2018-03-23 10:16:00,(E),3400.0,
2018-03-26 10:11:00,,3400.0,
2018-03-27 10:05:00,(E),3000.0,
2018-03-28 10:22:00,(E),3000.0,
2018-04-03 10:09:00,,3000.0,
2018-04-04 10:09:00,(E),3000.0,
2018-04-05 10:20:00,(E),3000.0,
2018-04-06 10:13:00,(E),3000.0,
2018-04-09 10:15:00,(E),3000.0,
2018-04-10 10:15:00,(E),3050.0,
2018-04-11 10:12:00,(E),3050.0,
2018-04-12 10:33:00,(E),3050.0,
2018-04-13 10:06:00,,3000.0,
2018-04-16 10:07:00,,2950.0,
2018-04-17 10:11:00,(E),2950.0,
2018-04-18 10:05:00,,3000.0,
2018-04-19 10:26:00,,3000.0,
2018-04-20 10:16:00,(E),3000.0,
2018-04-23 10:07:00,,3000.0,
2018-04-24 10:06:00,(E),3000.0,
2018-04-25 10:14:00,(E),3000.0,
2018-04-26 10:26:00,,3000.0,
2018-04-27 10:27:00,,3000.0,
2018-05-02 10:13:00,(E),3000.0,
2018-05-03 10:29:00,(E),3100.0,
2018-05-04 10:17:00,,3050.0,
2018-05-07 10:04:00,(E),3050.0,
2018-05-08 10:13:00,(E),3100.0,
2018-05-09 10:06:00,(E),3100.0,
2018-05-10 10:36:00,(E),3100.0,
2018-05-11 10:14:00,(E),3100.0,
2018-05-14 10:14:00,(E),3300.0,
2018-05-15 10:31:29,(E),3300.0,
2018-05-16 10:14:00,(E),3300.0,
2018-05-17 10:26:00,(E),3300.0,
2018-05-18 10:10:00,(E),3300.0,
2018-05-21 10:11:00,(E),3200.0,
2018-05-22 10:15:00,(E),3200.0,
2018-05-23 10:15:00,(E),3200.0,
2018-05-24 10:14:00,(E),3200.0,
2018-05-28 10:09:00,(E),3100.0,
2018-05-29 10:16:00,(E),3200.0,
2018-05-30 10:12:00,(E),3200.0,
2018-05-31 10:16:00,(E),3200.0,
2018-06-01 10:04:00,(E),3200.0,
2018-06-04 10:12:00,(E),3200.0,
2018-06-05 10:06:00,(E),3200.0,
2018-06-06 10:13:00,(E),3200.0,
2018-06-07 10:10:00,(E),3300.0,
2018-06-08 10:12:00,,3500.0,
2018-06-11 10:23:00,,3500.0,
2018-06-12 10:19:00,,3500.0,
2018-06-13 10:16:00,(E),3500.0,
2018-06-14 10:14:00,(E),3700.0,
2018-06-15 10:09:00,(E),3700.0,
2018-06-18 10:14:00,,3300.0,
2018-06-19 10:08:00,(E),3300.0,
2018-06-21 10:18:00,,3300.0,
2018-06-22 10:12:00,(E),3400.0,
2018-06-25 10:13:00,(E),3400.0,
2018-06-26 10:16:00,(E),3400.0,
2018-06-27 10:06:00,(E),3400.0,
2018-06-28 10:11:00,(E),3400.0,
2018-06-29 10:13:00,(E),3500.0,
2018-07-02 10:17:00,(E),3400.0,
2018-07-03 10:09:00,,3500.0,
2018-07-04 10:23:00,(E),3500.0,
2018-07-05 10:16:00,(E),3500.0,
2018-07-06 10:21:00,(E),3500.0,
2018-07-10 10:15:00,,3500.0,
2018-07-11 10:15:00,,3300.0,
2018-07-12 10:21:00,(E),3400.0,
2018-07-13 10:31:00,(E),3550.0,
2018-07-16 10:18:00,,3550.0,
2018-07-17 10:21:00,,3650.0,
2018-07-18 10:13:00,,3600.0,
2018-07-19 10:11:00,(E),3600.0,
2018-07-20 10:13:00,,3600.0,
2018-07-23 10:09:00,(E),3600.0,
2018-07-24 10:21:00,(E),3600.0,
2018-07-25 10:13:00,(E),3600.0,
2018-07-26 10:22:00,(E),3500.0,
2018-07-27 10:11:00,(E),3600.0,
2018-07-30 10:05:00,(E),3600.0,
2018-07-31 10:24:00,(E),3600.0,
2018-08-01 10:09:00,(E),3600.0,
2018-08-02 10:15:00,(E),3600.0,
2018-08-03 10:12:00,(E),3550.0,
2018-08-06 10:09:00,(E),3550.0,
2018-08-07 10:13:00,(E),3550.0,
2018-08-08 10:21:00,(E),3600.0,
2018-08-09 10:29:00,(E),3600.0,
2018-08-10 10:14:00,(E),4000.0,
2018-08-13 10:21:00,(E),3900.0,
2018-08-14 10:23:00,(E),3950.0,
2018-08-15 10:25:00,(E),3900.0,
2018-08-16 10:21:00,(E),3900.0,
2018-08-17 10:18:00,(E),3800.0,
2018-08-21 10:13:00,,3800.0,
2018-08-22 10:10:00,(E),3800.0,
2018-08-23 10:10:00,(E),3800.0,
2018-08-24 10:22:00,(E),3900.0,
2018-08-27 10:15:00,(E),3900.0,
2018-08-28 10:13:00,(E),3900.0,
2018-08-29 10:18:00,(E),4100.0,
2018-08-30 10:11:00,(E),4250.0,
2018-08-31 10:19:00,(E),4100.0,
2018-09-03 10:20:00,(E),0.0,
2018-09-04 10:40:00,(E),4000.0,
2018-09-05 10:18:00,(E),4900.0,
2018-09-06 10:19:00,(E),4900.0,
2018-09-07 10:16:00,(E),4850.0,
2018-09-10 10:22:00,(E),4850.0,
2018-09-11 10:36:00,(E),4850.0,
2018-09-12 10:22:00,(E),4900.0,
2018-09-13 10:24:00,(E),4900.0,
2018-09-14 10:23:00,(E),4900.0,
2018-09-17 10:16:00,(E),4900.0,
2018-09-18 10:38:00,(E),4900.0,
2018-09-19 10:22:00,(E),4700.0,
2018-09-20 10:43:00,,4500.0,
2018-09-21 10:27:00,,4500.0,
2018-09-24 10:28:00,(E),4500.0,
2018-09-25 10:38:00,(E),4500.0,
2018-09-26 10:18:00,(E),4350.0,
2018-09-27 10:19:00,(E),4100.0,
2018-09-28 10:56:00,(E),4250.0,
2018-10-01 10:45:00,(E),4200.0,
2018-10-02 10:24:00,(E),4100.0,
2018-10-03 10:43:00,(E),4050.0,
2018-10-04 10:33:00,(E),4000.0,
2018-10-05 10:40:00,(E),4000.0,
2018-10-08 10:42:00,(E),4000.0,
2018-10-09 10:45:00,(E),4000.0,
2018-10-10 10:35:00,(E),4000.0,
2018-10-11 10:56:00,(E),3900.0,
2018-10-16 10:51:00,(E),3900.0,
2018-10-17 10:44:00,(E),4000.0,
2018-10-18 10:45:00,(E),4000.0,
2018-10-19 10:38:00,(E),4000.0,
2018-10-22 10:41:00,(E),4000.0,
2018-10-23 10:28:00,(E),4000.0,
2018-10-24 10:20:00,(E),3900.0,
2018-10-25 10:51:00,(E),3900.0,
2018-10-26 10:33:00,(E),3900.0,
2018-10-29 10:31:00,(E),4000.0,
2018-10-30 10:33:00,(E),4000.0,
2018-10-31 10:36:00,(E),4000.0,
2018-11-01 10:19:00,(E),4000.0,
2018-11-02 10:20:00,(E),4000.0,
2018-11-05 10:27:00,(E),4000.0,
2018-11-06 10:30:00,(E),3900.0,
2018-11-07 10:36:00,(E),3900.0,
2018-11-08 10:23:00,(E),3700.0,
2018-11-09 10:22:00,(E),3700.0,
2018-11-12 10:29:00,(E),3700.0,
2018-11-13 10:15:00,(E),3700.0,
2018-11-14 10:29:00,(E),3700.0,
2018-11-15 10:30:00,(E),3700.0,
2018-11-16 10:27:00,(E),3700.0,
2018-11-20 10:34:00,(E),3700.0,
2018-11-21 10:41:00,(E),3700.0,
2018-11-22 10:23:00,(E),3700.0,
2018-11-23 10:41:00,(E),3800.0,
2018-11-26 10:30:00,(E),3900.0,
2018-11-27 10:30:00,(E),4000.0,
2018-11-28 10:31:00,(E),4000.0,
2018-11-29 10:33:00,(E),4000.0,
2018-11-30 10:27:00,(E),4000.0,
2018-12-03 10:31:00,(E),3950.0,
2018-12-04 10:19:00,(E),4000.0,
2018-12-05 10:33:00,(E),4000.0,
2018-12-06 10:18:00,(E),4000.0,
2018-12-07 10:20:00,(E),4000.0,
2018-12-10 10:22:00,(E),4000.0,
2018-12-11 10:24:00,(E),4100.0,
2018-12-12 10:22:00,(E),4100.0,
2018-12-13 10:46:00,(E),4150.0,
2018-12-14 10:20:00,(E),4200.0,
2018-12-17 10:29:00,(E),4200.0,
2018-12-18 10:35:00,(E),4200.0,
2018-12-19 10:07:00,(E),4200.0,
2018-12-20 10:44:00,(E),4200.0,
2018-12-21 10:30:00,(E),4200.0,
2018-12-26 10:30:00,(E),4200.0,
2018-12-27 10:15:00,(E),4200.0,
2018-12-28 10:28:00,(E),4200.0,
2019-01-02 10:34:00,(E),4200.0,
2019-01-03 10:24:00,(E),4200.0,
2019-01-04 10:18:00,(E),4200.0,
2019-01-07 10:18:00,(E),4200.0,
2019-01-08 10:23:00,(E),4300.0,
2019-01-09 10:22:00,(E),4300.0,
2019-01-10 10:19:00,(E),4300.0,
2019-01-11 10:27:00,(E),4300.0,
2019-01-14 10:13:00,(E),4300.0,
2019-01-15 10:23:00,,4300.0,
2019-01-16 10:19:00,(E),4250.0,
2019-01-17 10:16:00,(E),4250.0,
2019-01-18 10:15:00,(E),4250.0,
2019-01-21 10:30:00,(E),4200.0,
2019-01-22 10:16:00,(E),4200.0,
2019-01-23 10:18:00,(E),4200.0,
2019-01-24 10:26:00,(E),4200.0,
2019-01-25 10:20:00,(E),4200.0,
2019-01-28 10:10:00,,4300.0,
2019-01-29 10:25:00,,4250.0,
2019-01-30 10:15:00,,4300.0,
2019-01-31 10:11:00,(E),4300.0,
2019-02-01 10:28:00,(E),4300.0,
2019-02-04 10:29:00,(E),4300.0,
2019-02-05 10:16:00,(E),4300.0,
2019-02-06 10:19:00,(E),4300.0,
2019-02-07 10:34:00,(E),4400.0,
2019-02-08 10:13:00,(E),4400.0,
2019-02-11 10:13:00,(E),4400.0,
2019-02-12 10:20:00,,4350.0,
2019-02-13 10:13:00,(E),4400.0,
2019-02-14 10:28:00,(E),4900.0,
2019-02-15 10:49:00,(E),4800.0,
2019-02-18 10:18:00,,4390.0,
2019-02-19 10:30:00,(E),4400.0,
2019-02-20 10:17:00,,4480.0,
2019-02-21 10:18:00,(E),4500.0,
2019-02-22 10:17:00,(E),4500.0,
2019-02-25 10:15:00,(E),4450.0,
2019-02-26 10:29:00,,4480.0,
2019-02-27 10:32:00,(E),4480.0,
2019-02-28 10:15:00,,4300.0,
2019-03-01 10:18:00,(E),4300.0,
2019-03-06 10:11:00,,4300.0,
2019-03-07 10:24:00,(E),4650.0,
2019-03-08 10:24:00,(E),4300.0,
2019-03-11 10:12:00,,4300.0,
2019-03-12 10:22:00,,4300.0,
2019-03-13 10:13:00,,4300.0,
2019-03-14 10:16:00,(E),4300.0,
2019-03-15 10:30:00,,4300.0,
2019-03-18 10:39:00,(E),4300.0,
2019-03-19 10:18:00,,4300.0,
2019-03-20 10:12:00,,4300.0,
2019-03-21 10:26:00,,4300.0,
2019-03-22 10:23:00,,4300.0,
2019-03-25 10:13:00,,4300.0,
2019-03-26 10:16:00,,4500.0,
2019-03-27 10:19:00,,4500.0,
2019-03-28 10:29:00,,4500.0,
2019-03-29 10:15:00,(E),4500.0,
2019-04-01 10:21:00,,4500.0,
2019-04-03 10:17:00,,4500.0,
2019-04-04 10:24:00,,4500.0,
2019-04-05 10:14:00,,4500.0,
2019-04-08 10:19:00,,4500.0,
2019-04-09 10:12:00,,4500.0,
2019-04-10 10:26:00,,4500.0,
2019-04-11 10:25:00,,4500.0,
2019-04-12 10:34:00,,4500.0,
2019-04-15 10:22:00,,4500.0,
2019-04-16 10:35:00,,4500.0,
2019-04-17 10:30:00,(E),4500.0,
2019-04-22 10:16:00,(E),4500.0,
2019-04-23 10:19:00,(E),4500.0,
2019-04-24 10:23:00,(E),4600.0,
2019-04-25 10:27:00,,4800.0,
2019-04-26 10:24:00,(E),4800.0,
2019-04-29 10:13:00,(E),4800.0,
2019-04-30 10:18:00,(E),5000.0,
2019-05-02 10:20:00,,5000.0,
2019-05-03 10:31:00,(E),5500.0,
2019-05-06 10:24:00,(E),5300.0,
2019-05-07 10:33:00,,5000.0,
2019-05-08 10:20:00,,5000.0,
2019-05-09 10:18:00,,5000.0,
2019-05-10 10:21:00,(E),5000.0,
2019-05-13 10:29:00,,5000.0,
2019-05-14 11:22:00,,5000.0,
2019-05-15 11:02:00,(E),5000.0,
2019-05-16 10:27:00,,5000.0,
2019-05-17 10:45:00,(E),5000.0,
2019-05-20 10:33:00,,5000.0,
2019-05-21 10:43:00,,5500.0,
2019-05-22 10:16:00,(E),5700.0,
2019-05-23 10:24:00,,5500.0,
2019-05-24 10:20:00,,6000.0,
2019-05-27 10:27:00,(E),6000.0,
2019-05-28 10:25:00,(E),6000.0,
2019-05-29 10:36:00,(E),6000.0,
2019-05-30 10:22:00,,6000.0,
2019-05-31 10:14:00,,6500.0,
2019-06-03 10:21:00,(E),6500.0,
2019-06-04 10:18:00,,6500.0,
2019-06-05 10:16:00,(E),6500.0,
2019-06-06 10:13:00,,6600.0,
2019-06-07 10:25:00,,6600.0,
2019-06-10 10:15:00,,6700.0,
2019-06-11 10:43:00,,6680.0,
2019-06-12 10:32:00,,6740.0,
2019-06-13 10:25:00,,6910.0,
2019-06-14 10:29:00,,6950.0,
2019-06-18 10:23:00,,6900.0,
2019-06-19 10:17:00,,6900.0,
2019-06-21 10:21:00,,6815.0,
2019-06-24 10:20:00,,7000.0,
2019-06-25 10:32:00,,7000.0,
2019-06-26 10:16:00,,7100.0,
2019-06-27 10:31:00,,7100.0,
2019-06-28 10:31:00,(E),6970.0,
2019-07-01 10:23:00,,6500.0,
2019-07-02 10:47:00,(E),6800.0,
2019-07-03 10:17:00,,7000.0,
2019-07-04 10:12:00,(E),6500.0,
2019-07-05 10:28:00,,6872.0,
2019-07-10 10:29:00,(E),6850.0,
2019-07-11 10:27:00,(E),6850.0,
2019-07-12 10:22:00,(E),6830.0,
2019-07-15 10:23:00,(E),6700.0,
2019-07-16 10:27:00,(E),6500.0,
2019-07-17 10:29:00,(E),6500.0,
2019-07-18 10:17:00,(E),6500.0,
2019-07-19 10:26:00,,6550.0,
2019-07-22 10:30:00,(E),6550.0,
2019-07-23 10:28:00,(E),6580.0,
2019-07-24 10:28:00,(E),6610.0,
2019-07-25 10:49:00,(E),6690.0,
2019-07-26 10:16:00,(E),6250.0,
2019-07-29 10:19:00,,6200.0,
2019-07-30 10:24:00,,6340.0,
2019-07-31 10:21:00,(E),6300.0,
2019-08-01 10:27:00,,6400.0,
2019-08-02 10:23:00,,6445.0,
2019-08-05 10:37:00,(E),6570.0,
2019-08-06 10:38:00,,6540.0,
2019-08-07 10:26:00,(E),6800.0,
2019-08-08 10:23:00,(E),6800.0,
2019-08-09 10:12:00,(E),7200.0,
2019-08-12 10:10:00,(E),7800.0,
2019-08-13 10:30:00,(E),8600.0,
2019-08-14 10:14:00,(E),9300.0,
2019-08-15 10:23:00,(E),8800.0,
2019-08-16 10:11:00,(E),8200.0,
2019-08-20 10:58:00,(E),8182.0,
2019-08-21 10:33:00,,8497.0,
2019-08-22 10:32:00,(E),8508.0,
2019-08-23 10:29:00,(E),8750.0,
2019-08-26 10:28:00,(E),8800.0,
2019-08-27 10:25:00,(E),8800.0,
2019-08-28 10:35:00,(E),9100.0,
2019-08-29 10:28:00,(E),9100.0,
2019-08-30 10:29:00,(E),9370.0,
2019-09-02 10:26:00,(E),8650.0,
2019-09-03 10:15:00,,8650.0,
2019-09-04 10:24:00,,8650.0,
2019-09-05 10:28:00,(E),8370.0,
2019-09-06 10:20:00,,8343.0,
2019-09-09 10:19:00,(E),8370.0,
2019-09-10 10:19:00,(E),8400.0,
2019-09-11 10:31:00,,8955.0,
2019-09-12 10:25:00,(E),8950.0,
2019-09-13 10:24:00,(E),8950.0,
2019-09-16 10:30:00,(E),8970.0,
2019-09-17 10:32:00,(E),8980.0,
2019-09-18 10:12:00,(E),9000.0,
2019-09-19 10:17:00,(E),8700.0,
2019-09-20 10:18:00,(E),8640.0,
2019-09-23 10:15:00,(E),8500.0,
2019-09-24 10:20:00,(E),8500.0,
2019-09-25 10:19:00,(E),8500.0,
2019-09-26 10:19:00,(E),8550.0,
2019-09-27 10:36:00,(E),8300.0,
2019-09-30 10:33:00,(E),8150.0,
2019-10-01 10:32:00,,8050.0,
2019-10-02 10:39:00,(E),8060.0,
2019-10-03 10:17:00,(E),8050.0,
2019-10-04 10:20:00,(E),8050.0,
2019-10-08 10:30:00,(E),8000.0,
2019-10-09 10:16:00,(E),8000.0,
2019-10-10 10:15:00,(E),8000.0,
2019-10-11 10:27:00,(E),8000.0,
2019-10-15 10:40:00,(E),8000.0,
2019-10-16 10:32:00,(E),7850.0,
2019-10-17 10:21:00,(E),7850.0,
2019-10-18 10:30:00,(E),7850.0,
2019-10-21 10:12:00,(E),7870.0,
2019-10-22 10:31:00,(E),7890.0,
2019-10-23 10:33:00,(E),8100.0,
2019-10-24 10:23:00,(E),8120.0,
2019-10-25 10:13:00,(E),8120.0,
2019-10-28 10:17:00,(E),8000.0,
2019-10-29 10:19:00,(E),8000.0,
2019-10-31 10:24:00,(E),8100.0,
2019-11-01 10:27:00,(E),7950.0,
2019-11-04 10:13:00,,8330.0,
2019-11-05 10:21:00,(E),8320.0,
2019-11-06 10:28:00,(E),8320.0,
2019-11-07 10:27:00,(E),8300.0,
2019-11-08 10:25:00,(E),8300.0,
2019-11-11 10:28:00,(E),8350.0,
2019-11-12 10:15:00,,8330.0,
2019-11-13 10:28:00,(E),8330.0,
2019-11-14 10:18:00,(E),8330.0,
2019-11-15 10:21:00,(E),8325.0,
2019-11-19 10:23:00,,8328.0,
2019-11-20 10:33:00,(E),8330.0,
2019-11-21 10:11:00,(E),8340.0,
2019-11-22 10:25:00,(E),8340.0,
2019-11-25 10:23:00,(E),8330.0,
2019-11-26 10:25:00,(E),8360.0,
2019-11-27 10:32:00,(E),8600.0,
2019-11-28 10:27:00,(E),8640.0,
2019-11-29 10:20:00,(E),8660.0,
2019-12-02 10:30:00,(E),8350.0,
2019-12-03 10:26:00,(E),8200.0,
2019-12-04 10:34:00,(E),8300.0,
2019-12-05 10:27:00,(E),8310.0,
2019-12-06 10:17:00,(E),8300.0,
2019-12-09 10:23:00,(E),8300.0,
2019-12-10 10:29:00,(E),8050.0,
2019-12-11 10:42:00,(E),7950.0,
2019-12-12 10:21:00,(E),7950.0,
2019-12-13 10:27:00,(E),8000.0,
2019-12-16 10:26:00,(E),7900.0,
2019-12-17 10:58:00,(E),7900.0,
2019-12-18 10:38:00,(E),7900.0,
2019-12-19 10:25:00,(E),7900.0,
2019-12-20 10:17:00,(E),7900.0,
2019-12-23 10:22:00,(E),7770.0,
2019-12-26 10:25:00,(E),7700.0,
2019-12-27 10:18:00,(E),7700.0,
2019-12-30 10:16:00,(E),7700.0,
2020-01-02 10:22:00,(E),7700.0,
2020-01-03 10:22:00,(E),7700.0,
2020-01-06 10:35:00,(E),7700.0,
2020-01-07 10:34:00,(E),7700.0,
2020-01-08 10:33:00,(E),7700.0,
2020-01-09 10:29:00,(E),7700.0,
2020-01-10 10:31:00,(E),7700.0,
2020-01-13 10:14:00,(E),7700.0,
2020-01-14 10:25:00,(E),7800.0,
2020-01-15 10:27:00,(E),7800.0,
2020-01-16 10:22:00,(E),7800.0,
2020-01-17 10:17:00,(E),7900.0,
2020-01-20 10:22:00,(E),7900.0,
2020-01-21 10:22:00,(E),8000.0,
2020-01-22 10:39:00,(E),8100.0,
2020-01-23 10:45:00,(E),8100.0,
2020-01-24 10:27:00,(E),8100.0,
2020-01-27 10:26:00,(E),8100.0,
2020-01-28 10:22:00,(E),8100.0,
2020-01-29 10:22:00,(E),8100.0,
2020-01-30 10:25:00,(E),8100.0,
2020-01-31 10:26:00,(E),8100.0,
2020-02-03 10:25:00,(E),8100.0,
2020-02-04 10:19:00,(E),8150.0,
2020-02-05 10:15:00,(E),8100.0,
2020-02-06 10:21:00,(E),8100.0,
2020-02-07 10:17:00,(E),8150.0,
2020-02-10 10:26:00,(E),8150.0,
2020-02-11 10:38:00,(E),8200.0,
2020-02-12 10:39:00,(E),8200.0,
2020-02-13 10:38:00,(E),8200.0,
2020-02-14 10:31:00,(E),8200.0,
2020-02-17 10:20:00,(E),8200.0,
2020-02-18 10:29:00,(E),8200.0,
2020-02-19 10:40:00,(E),8200.0,
2020-02-20 10:33:00,(E),8200.0,
2020-02-21 10:19:00,(E),8200.0,
2020-02-26 10:17:00,(E),8200.0,
2020-02-27 10:14:00,(E),8200.0,
2020-02-28 10:16:00,(E),8200.0,
2020-03-02 10:17:00,(E),8100.0,
2020-03-03 10:20:00,,8075.0,
2020-03-04 10:13:00,,8080.0,
2020-03-05 10:30:00,(E),8100.0,
2020-03-06 10:30:00,(E),8100.0,
2020-03-09 10:25:00,(E),8150.0,
2020-03-10 10:31:00,(E),8150.0,
2020-03-11 10:38:00,(E),8150.0,
2020-03-12 10:24:00,(E),8150.0,
2020-03-13 10:20:00,,7965.0,
2020-03-16 10:23:00,(E),7980.0,
2020-03-17 10:26:00,(E),8000.0,
2020-03-18 10:18:00,(E),8000.0,
2020-03-19 10:19:00,(E),7920.0,
2020-03-20 10:23:00,(E),8000.0,
2020-03-25 10:16:00,(E),8500.0,
2020-03-26 10:13:00,,8320.0,
2020-03-27 10:19:00,,8670.0,
2020-03-30 10:22:00,,8676.0,
2020-04-01 10:21:00,,8685.0,
2020-04-02 10:27:00,,8710.0,
2020-04-03 10:16:00,,9000.0,
2020-04-06 10:13:00,(E),9000.0,
2020-04-07 10:20:00,,9000.0,
2020-04-08 10:21:00,,8770.0,
2020-04-13 10:16:00,,9125.0,
2020-04-14 10:17:00,,9100.0,
2020-04-15 10:20:00,,9160.0,
2020-04-16 10:16:00,,9175.0,
2020-04-17 10:10:00,,8865.0,
2020-04-20 10:27:00,,8880.0,
2020-04-21 10:15:00,,8820.0,
2020-04-22 10:17:00,(E),8900.0,
2020-04-23 10:22:00,(E),8800.0,
2020-04-24 10:17:00,(E),8800.0,
2020-04-27 10:12:00,,8955.0,
2020-04-28 10:24:00,(E),8970.0,
2020-04-29 10:30:00,(E),8980.0,
2020-04-30 10:17:00,,8900.0,
2020-05-04 10:28:00,,8935.0,
2020-05-05 10:26:00,(E),9000.0,
2020-05-06 10:21:00,(E),9000.0,
2020-05-07 10:24:00,(E),9000.0,
2020-05-08 10:13:00,(E),9000.0,
2020-05-11 10:29:00,(E),9000.0,
2020-05-12 10:16:00,(E),9080.0,
2020-05-13 10:23:00,(E),9100.0,
2020-05-14 10:36:00,(E),9150.0,
2020-05-15 10:21:00,,9100.0,
2020-05-18 10:24:00,(E),9125.0,
2020-05-19 10:16:00,,9060.0,
2020-05-20 10:16:00,(E),9080.0,
2020-05-21 10:22:00,(E),9100.0,
2020-05-22 10:23:00,(E),9180.0,
2020-05-26 10:35:00,,9190.0,
2020-05-27 10:25:00,,9200.0,
2020-05-28 10:20:00,,9200.0,
2020-05-29 10:14:00,,9225.0,
2020-06-01 10:33:00,(E),9240.0,
2020-06-02 10:20:00,(E),9250.0,
2020-06-03 10:19:00,(E),9260.0,
2020-06-04 10:26:00,(E),9300.0,
2020-06-05 10:13:00,(E),9300.0,
2020-06-08 10:17:00,,9643.0,
2020-06-09 10:16:00,,9655.0,
2020-06-10 10:14:00,(E),9670.0,
2020-06-11 10:10:00,,9670.0,
2020-06-12 10:14:00,(E),9680.0,
2020-06-16 10:09:00,(E),9700.0,
2020-06-17 10:16:00,,10000.0,
2020-06-18 10:17:00,(E),10100.0,
2020-06-19 10:20:00,,10000.0,
2020-06-22 10:19:00,,10100.0,
2020-06-23 10:18:00,(E),10125.0,
2020-06-24 10:40:00,,10135.0,
2020-06-25 10:35:00,,10150.0,
2020-06-26 10:34:00,,9900.0,
2020-06-29 10:15:00,,10180.0,
2020-06-30 10:18:00,,10330.0,
2020-07-01 10:15:00,,10500.0,
2020-07-02 10:14:00,,10550.0,
2020-07-03 10:21:00,,10560.0,
2020-07-06 10:21:00,,10600.0,
2020-07-07 10:20:00,(E),10600.0,
2020-07-08 10:49:00,,10600.0,
2020-07-13 11:06:00,,10600.0,
2020-07-14 10:27:00,,10665.0,
2020-07-15 10:27:00,,10674.0,
2020-07-16 10:14:00,,10680.0,
2020-07-17 10:15:00,(E),10690.0,
2020-07-20 10:16:00,(E),10720.0,
2020-07-21 10:16:00,(E),10730.0,
2020-07-22 10:22:00,(E),10740.0,
2020-07-23 10:19:00,(E),10750.0,
2020-07-24 10:13:00,(E),10900.0,
2020-07-27 10:23:00,(E),10780.0,
2020-07-28 10:10:00,,10790.0,
2020-07-29 10:14:00,(E),10800.0,
2020-07-30 10:18:00,(E),11160.0,
2020-07-31 10:14:00,,11150.0,
2020-08-03 10:13:00,,11210.0,
2020-08-04 10:20:00,,11430.0,
2020-08-05 10:22:00,,11225.0,
2020-08-06 10:26:00,,11240.0,
2020-08-07 10:33:00,,11250.0,
2020-08-10 10:15:00,,11270.0,
2020-08-11 10:26:00,(E),11290.0,
2020-08-12 10:18:00,,11290.0,
2020-08-13 10:17:00,,11300.0,
2020-08-14 10:08:00,(E),11673.0,
2020-08-18 10:21:00,(E),11712.0,
2020-08-19 10:11:00,(E),11725.0,
2020-08-20 10:24:00,(E),11730.0,
2020-08-21 10:15:00,,11740.0,
2020-08-24 10:22:00,(E),11700.0,
2020-08-25 10:20:00,(E),11750.0,
2020-08-26 10:25:00,(E),11790.0,
2020-08-27 10:18:00,(E),11800.0,
2020-08-28 10:12:00,(E),11810.0,
2020-08-31 10:15:00,(E),11910.0,
2020-09-01 10:16:00,(E),11910.0,
2020-09-02 10:26:00,,11860.0,
2020-09-03 10:21:00,(E),11870.0,
2020-09-04 10:26:00,(E),12000.0,
2020-09-07 10:19:00,(E),12000.0,
2020-09-08 10:20:00,(E),12290.0,
2020-09-09 10:19:00,(E),12300.0,
2020-09-10 10:23:00,,13060.0,
2020-09-11 10:25:00,(E),13450.0,
2020-09-14 10:18:00,(E),13450.0,
2020-09-15 10:13:00,(E),14250.0,
2020-09-16 10:20:00,(E),14260.0,
2020-09-17 10:17:00,(E),14270.0,
2020-09-18 10:33:00,(E),14200.0,
2020-09-21 10:17:00,(E),14325.0,
2020-09-22 10:13:00,(E),14560.0,
2020-09-23 10:23:00,(E),14575.0,
2020-09-24 10:33:00,(E),14730.0,
2020-09-25 10:22:00,(E),14600.0,
2020-09-28 10:35:00,(E),14640.0,
2020-09-29 10:31:00,(E),14650.0,
2020-09-30 10:41:00,(E),14665.0,
2020-10-01 10:39:00,(E),15000.0,
2020-10-02 10:35:00,(E),15200.0,
2020-10-05 10:25:00,(E),15362.0,
2020-10-06 10:23:00,(E),15350.0,
2020-10-07 10:17:00,(E),15380.0,
2020-10-08 10:16:00,(E),15382.0,
2020-10-09 10:23:00,(E),15390.0,
2020-10-13 10:20:00,(E),15450.0,
2020-10-14 10:16:00,(E),15460.0,
2020-10-15 10:17:00,(E),15460.0,
2020-10-16 10:21:00,(E),15460.0,
2020-10-19 10:29:00,(E),15475.0,
2020-10-20 10:27:00,(E),15500.0,
2020-10-21 10:26:00,(E),15510.0,
2020-10-22 10:47:00,(E),16350.0,
2020-10-23 10:22:00,(E),16365.0,
2020-10-26 10:32:00,(E),16390.0,
2020-10-27 10:18:00,(E),16400.0,
2020-10-28 10:34:00,(E),16400.0,
2020-10-29 10:18:00,(E),16400.0,
2020-10-30 10:33:00,(E),16400.0,
2020-11-02 10:29:00,(E),16480.0,
2020-11-03 10:25:00,(E),16530.0,
2020-11-04 10:44:00,(E),16550.0,
2020-11-05 10:21:00,(E),16570.0,
2020-11-06 10:25:00,(E),16570.0,
2020-11-09 10:29:00,(E),16550.0,
2020-11-10 10:24:00,(E),16600.0,
2020-11-11 10:16:00,(E),16600.0,
2020-11-12 10:17:00,(E),16600.0,
2020-11-13 10:13:00,(E),16700.0,
2020-11-16 10:15:00,(E),16750.0,
2020-11-17 10:11:00,(E),16770.0,
2020-11-18 10:19:00,(E),16790.0,
2020-11-19 10:17:00,(E),16820.0,
2020-11-20 10:21:00,(E),16831.0,
2020-11-24 10:10:00,(E),16900.0,
2020-11-25 10:17:00,(E),16920.0,
2020-11-26 10:14:00,(E),16945.0,
2020-11-27 10:21:00,(E),18600.0,
2020-11-30 10:20:00,(E),18655.0,
2020-12-01 10:24:00,(E),17870.0,
2020-12-02 10:20:00,(E),17885.0,
2020-12-03 10:12:00,(E),17900.0,
2020-12-04 10:37:00,(E),18300.0,
2020-12-09 10:34:00,(E),18300.0,
2020-12-10 10:30:00,(E),18300.0,
2020-12-11 10:45:00,(E),18050.0,
2020-12-14 10:36:00,(E),17900.0,
2020-12-15 10:51:00,(E),17900.0,
2020-12-16 10:47:00,(E),17300.0,
2020-12-17 10:48:00,(E),17000.0,
2020-12-18 03:00:00,(E),17000.0,
2020-12-21 03:00:00,(E),17005.0,
2020-12-22 03:00:00,(E),17050.0,
2020-12-23 03:00:00,(E),17200.0,
2020-12-28 03:00:00,(E),17400.0,
2020-12-29 03:00:00,(E),17440.0,
2020-12-30 03:00:00,(E),17440.0,
2021-01-04 03:00:00,(E),17500.0,
2021-01-05 03:00:00,(E),17600.0,
2021-01-06 03:00:00,(E),17620.0,
2021-01-07 03:00:00,(E),17810.0,
2021-01-08 03:00:00,(E),17850.0,
2021-01-11 03:00:00,(E),17880.0,
2021-01-12 03:00:00,(E),17900.0,
2021-01-13 03:00:00,(E),17925.0,
2021-01-14 03:00:00,(E),17940.0,
2021-01-15 03:00:00,(E),17960.0,
2021-01-18 03:00:00,(E),18035.0,
2021-01-19 03:00:00,(E),18060.0,
2021-01-20 03:00:00,(E),18265.0,
2021-01-21 03:00:00,(E),18280.0,
2021-01-22 03:00:00,(E),18310.0,
2021-01-25 03:00:00,(E),18380.0,
2021-01-26 03:00:00,(E),18450.0,
2021-01-27 03:00:00,(E),18510.0,
2021-01-28 03:00:00,(E),18600.0,
2021-01-29 03:00:00,(E),18730.0,
2021-02-01 03:00:00,,18790.0,
2021-02-02 03:00:00,(E),18810.0,
2021-02-03 03:00:00,(E),18850.0,
2021-02-04 03:00:00,(E),18750.0,
2021-02-05 03:00:00,(E),18500.0,
2021-02-08 03:00:00,(E),18500.0,
2021-02-09 03:00:00,(E),18490.0,
2021-02-10 03:00:00,(E),18510.0,
2021-02-11 03:00:00,(E),18530.0,
2021-02-12 03:00:00,(E),18550.0,
2021-02-17 03:00:00,,19080.0,
2021-02-18 03:00:00,(E),19105.0,
2021-02-19 03:00:00,(E),19120.0,
2021-02-22 03:00:00,(E),19180.0,
2021-02-23 03:00:00,(E),19300.0,
2021-02-24 03:00:00,(E),19420.0,
2021-02-25 03:00:00,(E),19520.0,
2021-02-26 03:00:00,(E),19630.0,
2021-03-01 03:00:00,,19775.0,
2021-03-02 03:00:00,(E),19790.0,
2021-03-03 03:00:00,(E),19800.0,
2021-03-04 03:00:00,(E),19820.0,
2021-03-05 03:00:00,(E),19840.0,
2021-03-08 03:00:00,(E),19880.0,
2021-03-09 03:00:00,,19900.0,
2021-03-10 03:00:00,,19915.0,
2021-03-11 03:00:00,(E),19930.0,
2021-03-12 03:00:00,(E),19950.0,
2021-03-15 03:00:00,(E),20200.0,
2021-03-16 03:00:00,(E),20270.0,
2021-03-17 03:00:00,(E),20290.0,
2021-03-18 03:00:00,(E),20950.0,
2021-03-19 03:00:00,(E),20950.0,
2021-03-22 03:00:00,(E),21015.0,
2021-03-23 03:00:00,(E),21030.0,
2021-03-25 03:00:00,(E),21060.0,
2021-03-26 03:00:00,(E),21070.0,
2021-03-29 03:00:00,(E),21095.0,
2021-03-30 03:00:00,,21000.0,
2021-03-31 03:00:00,(E),21100.0,
2021-04-05 03:00:00,(E),21000.0,
2021-04-06 03:00:00,(E),21000.0,
2021-04-07 03:00:00,(E),21000.0,
2021-04-08 03:00:00,(E),21000.0,
2021-04-12 03:00:00,,20785.0,
2021-04-13 03:00:00,(E),20794.0,
2021-04-14 03:00:00,,20805.0,
2021-04-15 03:00:00,(E),20350.0,
2021-04-16 03:00:00,(E),20800.0,
2021-04-19 03:00:00,(E),20400.0,
2021-04-20 03:00:00,(E),20410.0,
2021-04-21 03:00:00,(E),20230.0,
2021-04-22 03:00:00,(E),20230.0,
2021-04-23 03:00:00,,19980.0,
2021-04-26 03:00:00,(E),19900.0,
2021-04-27 03:00:00,(E),19600.0,
2021-04-28 03:00:00,(E),19580.0,
2021-04-29 03:00:00,(E),19590.0,
2021-04-30 03:00:00,(E),19590.0,
2021-05-03 03:00:00,(E),19620.0,
2021-05-04 03:00:00,(E),19640.0,
2021-05-05 03:00:00,,19500.0,
2021-05-06 03:00:00,(E),19185.0,
2021-05-07 03:00:00,(E),19000.0,
2021-05-10 03:00:00,(E),19100.0,
2021-05-11 03:00:00,(E),19100.0,
2021-05-12 03:00:00,(E),19100.0,
2021-05-13 03:00:00,(E),18760.0,
2021-05-14 03:00:00,(E),18770.0,
2021-05-17 03:00:00,(E),18790.0,
2021-05-18 03:00:00,,18790.0,
2021-05-19 03:00:00,(E),18800.0,
2021-05-20 03:00:00,(E),18800.0,
2021-05-21 03:00:00,(E),18810.0,
2021-05-26 03:00:00,(E),18385.0,
2021-05-27 03:00:00,(E),18394.0,
2021-05-28 03:00:00,(E),18400.0,
2021-05-31 03:00:00,,17960.0,
2021-06-01 03:00:00,,17490.0,
2021-06-02 03:00:00,,17495.0,
2021-06-03 03:00:00,,17400.0,
2021-06-04 03:00:00,(E),17500.0,
2021-06-07 03:00:00,(E),17350.0,
2021-06-08 03:00:00,(E),17250.0,
2021-06-09 03:00:00,(E),17270.0,
2021-06-10 03:00:00,(E),17270.0,
2021-06-11 03:00:00,(E),17270.0,
2021-06-14 03:00:00,(E),17300.0,
2021-06-15 03:00:00,,17120.0,
2021-06-16 03:00:00,(E),17120.0,
2021-06-17 03:00:00,(E),17130.0,
2021-06-18 03:00:00,(E),17130.0,
2021-06-22 03:00:00,(E),17150.0,
2021-06-23 03:00:00,(E),17160.0,
2021-06-24 03:00:00,(E),17163.0,
2021-06-25 03:00:00,(E),17170.0,
2021-06-28 03:00:00,(E),17190.0,
2021-06-29 03:00:00,,17190.0,
2021-06-30 03:00:00,(E),17195.0,
2021-07-01 03:00:00,(E),17200.0,
2021-07-02 03:00:00,(E),17205.0,
2021-07-05 03:00:00,(E),17220.0,
2021-07-06 03:00:00,(E),17220.0,
2021-07-07 03:00:00,(E),17230.0,
2021-07-08 03:00:00,(E),17240.0,
2021-07-12 03:00:00,(E),17260.0,
2021-07-13 03:00:00,(E),17265.0,
2021-07-14 03:00:00,(E),16800.0,
2021-07-15 03:00:00,(E),16800.0,
2021-07-16 03:00:00,(E),16800.0,
2021-07-19 03:00:00,(E),15860.0,
2021-07-20 03:00:00,(E),15870.0,
2021-07-21 03:00:00,(E),15870.0,
2021-07-22 03:00:00,(E),15875.0,
2021-07-23 03:00:00,(E),15875.0,
2021-07-26 03:00:00,(E),15890.0,
2021-07-27 03:00:00,(E),15900.0,
2021-07-28 03:00:00,(E),15910.0,
2021-07-29 03:00:00,(E),15920.0,
2021-07-30 03:00:00,(E),15920.0,
2021-08-02 03:00:00,(E),15950.0,
2021-08-03 03:00:00,(E),15940.0,
2021-08-04 03:00:00,(E),15950.0,
2021-08-05 03:00:00,(E),15760.0,
2021-08-06 03:00:00,(E),15760.0,
2021-08-09 03:00:00,(E),15780.0,
2021-08-10 03:00:00,(E),15900.0,
2021-08-11 03:00:00,(E),15900.0,
2021-08-12 03:00:00,(E),15900.0,
2021-08-13 03:00:00,(E),15980.0,
2021-08-17 03:00:00,(E),16000.0,
2021-08-18 03:00:00,(E),16015.0,
2021-08-19 03:00:00,(E),16020.0,
2021-08-20 03:00:00,(E),16020.0,
2021-08-23 03:00:00,(E),16040.0,
2021-08-24 03:00:00,(E),16050.0,
2021-08-25 03:00:00,(E),16050.0,
2021-08-26 03:00:00,,16060.0,
2021-08-27 03:00:00,(E),16065.0,
2021-08-30 03:00:00,(E),16090.0,
2021-08-31 03:00:00,,16094.0,
2021-09-01 03:00:00,(E),16000.0,
2021-09-02 03:00:00,(E),16110.0,
2021-09-03 03:00:00,(E),16115.0,
2021-09-06 03:00:00,(E),16130.0,
2021-09-07 03:00:00,(E),16135.0,
2021-09-08 03:00:00,(E),16140.0,
2021-09-09 03:00:00,(E),16145.0,
2021-09-10 03:00:00,(E),16150.0,
2021-09-13 03:00:00,(E),16660.0,
2021-09-14 03:00:00,(E),16660.0,
2021-09-15 03:00:00,(E),16180.0,
2021-09-17 03:00:00,(E),16460.0,
2021-09-20 03:00:00,(E),16700.0,
2021-09-21 03:00:00,,16410.0,
2021-09-22 03:00:00,,16410.0,
2021-09-23 03:00:00,,16400.0,
2021-09-24 03:00:00,,16720.0,
2021-09-27 03:00:00,(E),16730.0,
2021-09-28 03:00:00,(E),16740.0,
2021-09-29 03:00:00,(E),16750.0,
2021-09-30 03:00:00,(E),16750.0,
2021-10-01 00:00:00,(E),16760.0,
2021-10-04 03:00:00,(E),16770.0,
2021-10-05 03:00:00,,16780.0,
2021-10-06 03:00:00,(E),16780.0,
2021-10-07 03:00:00,(E),16785.0,
2021-10-12 03:00:00,,16810.0,
2021-10-13 03:00:00,(E),16800.0,
2021-10-14 03:00:00,,16820.0,
2021-10-15 03:00:00,(E),16825.0,
2021-10-18 03:00:00,(E),16840.0,
2021-10-19 03:00:00,(E),16850.0,
2021-10-20 03:00:00,(E),16855.0,
2021-10-21 03:00:00,(E),16550.0,
2021-10-22 03:00:00,(E),16550.0,
2021-10-25 03:00:00,,16380.0,
2021-10-26 03:00:00,,16395.0,
2021-10-27 03:00:00,,16410.0,
2021-10-28 03:00:00,,16415.0,
2021-10-29 03:00:00,,16420.0,
2021-11-01 03:00:00,(E),16430.0,
2021-11-02 03:00:00,(E),16700.0,
2021-11-03 03:00:00,,16950.0,
2021-11-04 03:00:00,(E),16950.0,
2021-11-05 03:00:00,(E),16850.0,
2021-11-08 03:00:00,,16980.0,
2021-11-09 03:00:00,,16985.0,
2021-11-10 03:00:00,,17990.0,
2021-11-11 03:00:00,,17995.0,
2021-11-12 03:00:00,,18000.0,
2021-11-15 03:00:00,,18010.0,
2021-11-16 03:00:00,(E),18020.0,
2021-11-17 03:00:00,,18027.0,
2021-11-18 03:00:00,,18500.0,
2021-11-19 03:00:00,,19050.0,
2021-11-23 03:00:00,(E),19050.0,
2021-11-24 03:00:00,(E),19080.0,
2021-11-25 03:00:00,(E),19090.0,
2021-11-26 03:00:00,,19114.0,
2021-11-29 03:00:00,(E),19140.0,
2021-11-30 03:00:00,,19200.0,
2021-12-01 03:00:00,(E),19200.0,
2021-12-02 03:00:00,(E),19200.0,
2021-12-03 03:00:00,,19230.0,
2021-12-06 03:00:00,,19250.0,
2021-12-07 03:00:00,,19230.0,
2021-12-09 03:00:00,(E),19255.0,
2021-12-10 03:00:00,(E),19560.0,
2021-12-13 03:00:00,(E),19700.0,
2021-12-14 03:00:00,(E),19800.0,
2021-12-15 03:00:00,(E),19810.0,
2021-12-16 03:00:00,(E),20090.0,
2021-12-17 03:00:00,(E),20360.0,
2021-12-20 03:00:00,(E),20390.0,
2021-12-21 03:00:00,(E),20400.0,
2021-12-22 03:00:00,,20412.0,
2021-12-23 03:00:00,(E),20420.0,
2021-12-27 03:00:00,(E),20470.0,
2021-12-28 03:00:00,(E),20480.0,
2021-12-29 03:00:00,(E),20500.0,
2021-12-30 03:00:00,(E),20500.0,
2022-01-03 03:00:00,,20560.0,
2022-01-04 03:00:00,,20580.0,
2022-01-05 03:00:00,,20590.0,
2022-01-06 03:00:00,(E),20610.0,
2022-01-07 03:00:00,(E),20620.0,
2022-01-10 03:00:00,(E),20765.0,
2022-01-11 03:00:00,(E),21190.0,
2022-01-12 03:00:00,(E),21215.0,
2022-01-13 03:00:00,(E),21235.0,
2022-01-14 03:00:00,(E),21244.0,
2022-01-17 03:00:00,(E),21300.0,
2022-01-18 03:00:00,(E),21315.0,
2022-01-19 03:00:00,(E),21350.0,
2022-01-20 03:00:00,(E),21400.0,
2022-01-21 03:00:00,(E),21500.0,
2022-01-24 03:00:00,(E),21900.0,
2022-01-25 03:00:00,(E),21900.0,
2022-01-26 03:00:00,(E),21950.0,
2022-01-27 03:00:00,(E),22000.0,
2022-01-28 03:00:00,(E),22000.0,
2022-01-31 03:00:00,,22500.0,
2022-02-01 03:00:00,,22560.0,
2022-02-02 03:00:00,(E),22575.0,
2022-02-03 03:00:00,(E),22600.0,
2022-02-04 03:00:00,(E),22620.0,
2022-02-07 03:00:00,,23200.0,
2022-02-08 03:00:00,,23230.0,
2022-02-09 03:00:00,,23250.0,
2022-02-10 03:00:00,,23275.0,
2022-02-11 03:00:00,(E),23310.0,
2022-02-14 03:00:00,(E),23350.0,
2022-02-15 03:00:00,,23380.0,
2022-02-16 03:00:00,,23400.0,
2022-02-17 03:00:00,(E),23425.0,
2022-02-18 03:00:00,,23450.0,
2022-02-21 03:00:00,,23505.0,
2022-02-22 03:00:00,,23540.0,
2022-02-23 03:00:00,(E),23560.0,
2022-02-24 03:00:00,(E),24100.0,
2022-02-25 03:00:00,(E),23600.0,
2022-03-02 03:00:00,(E),24300.0,
2022-03-03 03:00:00,(E),24800.0,
2022-03-04 03:00:00,(E),25350.0,
2022-03-07 03:00:00,,25800.0,
2022-03-08 03:00:00,,27050.0,
2022-03-09 03:00:00,,27120.0,
2022-03-10 03:00:00,,27450.0,
2022-03-11 03:00:00,,27200.0,
2022-03-14 03:00:00,(E),28000.0,
2022-03-15 03:00:00,,28300.0,
2022-03-16 03:00:00,(E),27850.0,
2022-03-17 03:00:00,(E),27750.0,
2022-03-18 03:00:00,,27920.0,
2022-03-21 03:00:00,(E),27990.0,
2022-03-22 03:00:00,(E),28000.0,
2022-03-23 03:00:00,,28045.0,
2022-03-25 03:00:00,(E),28100.0,
2022-03-28 03:00:00,(E),27200.0,
2022-03-29 03:00:00,(E),25440.0,
2022-03-30 03:00:00,(E),25460.0,
2022-03-31 03:00:00,(E),25490.0,
2022-04-01 03:00:00,(E),25510.0,
2022-04-04 03:00:00,,25835.0,
2022-04-05 03:00:00,(E),25850.0,
2022-04-06 03:00:00,,25675.0,
2022-04-07 03:00:00,,25710.0,
2022-04-08 03:00:00,,25900.0,
2022-04-11 03:00:00,,26410.0,
2022-04-12 03:00:00,,26900.0,
2022-04-13 03:00:00,(E),27065.0,
2022-04-18 03:00:00,(E),27225.0,
2022-04-19 03:00:00,,27830.0,
2022-04-20 03:00:00,(E),27880.0,
2022-04-21 03:00:00,,28450.0,
2022-04-22 03:00:00,,28500.0,
2022-04-25 03:00:00,,28800.0,
2022-04-26 03:00:00,,29800.0,
2022-04-27 03:00:00,,29860.0,
2022-04-28 03:00:00,(E),31000.0,
2022-04-29 03:00:00,,31080.0,
2022-05-02 03:00:00,,30850.0,
2022-05-03 03:00:00,,30900.0,
2022-05-04 03:00:00,,31250.0,
2022-05-05 03:00:00,,31300.0,
2022-05-06 03:00:00,,31900.0,
2022-05-09 03:00:00,,32050.0,
2022-05-10 03:00:00,,32200.0,
2022-05-11 03:00:00,,32700.0,
2022-05-12 03:00:00,,32774.0,
2022-05-13 03:00:00,(E),32825.0,
2022-05-16 03:00:00,,32940.0,
2022-05-17 03:00:00,,32650.0,
2022-05-19 03:00:00,,32370.0,
2022-05-20 03:00:00,,32410.0,
2022-05-23 03:00:00,(E),32400.0,
2022-05-24 03:00:00,,32105.0,
2022-05-26 03:00:00,(E),31830.0,
2022-05-27 03:00:00,(E),31900.0,
2022-05-30 03:00:00,,31750.0,
2022-05-31 03:00:00,,31440.0,
2022-06-01 03:00:00,,31830.0,
2022-06-02 03:00:00,(E),31500.0,
2022-06-03 03:00:00,,30800.0,
2022-06-06 03:00:00,,30800.0,
2022-06-07 03:00:00,,30750.0,
2022-06-08 03:00:00,,30800.0,
2022-06-09 03:00:00,,30900.0,
2022-06-10 03:00:00,,30650.0,
2022-06-13 03:00:00,,29790.0,
2022-06-14 03:00:00,,29790.0,
2022-06-15 03:00:00,,29770.0,
2022-06-16 03:00:00,,29580.0,
2022-06-21 03:00:00,,28400.0,
2022-06-22 03:00:00,,28440.0,
2022-06-23 03:00:00,,28500.0,
2022-06-24 03:00:00,,28530.0,
2022-06-27 03:00:00,(E),28600.0,
2022-06-28 03:00:00,(E),28100.0,
2022-06-29 03:00:00,,28710.0,
2022-06-30 03:00:00,,28750.0,
2022-07-01 03:00:00,,28700.0,
2022-07-04 03:00:00,,28550.0,
2022-07-05 03:00:00,,27970.0,
2022-07-06 03:00:00,,27760.0,
2022-07-07 03:00:00,,27800.0,
2022-07-08 03:00:00,(E),27850.0,
2022-07-11 03:00:00,(E),27970.0,
2022-07-12 03:00:00,(E),28000.0,
2022-07-13 03:00:00,(E),28070.0,
2022-07-14 03:00:00,,27700.0,
2022-07-15 03:00:00,,28000.0,
2022-07-18 03:00:00,,28100.0,
2022-07-19 03:00:00,(E),28100.0,
2022-07-20 03:00:00,,28000.0,
2022-07-21 03:00:00,,28000.0,
2022-07-22 03:00:00,,27850.0,
2022-07-25 03:00:00,(E),28000.0,
2022-07-26 03:00:00,(E),28300.0,
2022-07-27 03:00:00,(E),28630.0,
2022-07-28 03:00:00,,28800.0,
2022-07-29 03:00:00,,29230.0,
2022-08-01 03:00:00,,29370.0,
2022-08-02 03:00:00,,29700.0,
2022-08-03 03:00:00,,29500.0,
2022-08-04 03:00:00,,29700.0,
2022-08-05 03:00:00,,29855.0,
2022-08-08 03:00:00,,30000.0,
2022-08-09 03:00:00,,30350.0,
2022-08-10 03:00:00,,30500.0,
2022-08-11 03:00:00,,30700.0,
2022-08-12 03:00:00,,30910.0,
2022-08-16 03:00:00,(E),31080.0,
2022-08-17 03:00:00,(E),31125.0,
2022-08-18 03:00:00,(E),31200.0,
2022-08-19 03:00:00,(E),31270.0,
2022-08-22 03:00:00,(E),31380.0,
2022-08-23 03:00:00,(E),32140.0,
2022-08-24 03:00:00,(E),32190.0,
2022-08-25 03:00:00,(E),32100.0,
2022-08-26 03:00:00,(E),32200.0,
2022-08-29 03:00:00,,32460.0,
2022-08-30 03:00:00,,32520.0,
2022-08-31 03:00:00,,32554.0,
2022-09-01 03:00:00,(E),32625.0,
2022-09-05 03:00:00,(E),32920.0,
2022-09-06 03:00:00,(E),32980.0,
2022-09-07 03:00:00,,33040.0,
2022-09-08 03:00:00,,33120.0,
2022-09-09 03:00:00,(E),33200.0,
2022-09-12 03:00:00,(E),34100.0,
2022-09-13 03:00:00,(E),34000.0,
2022-09-14 03:00:00,(E),34100.0,
2022-09-15 03:00:00,(E),34150.0,
2022-09-16 03:00:00,,34000.0,
2022-09-19 03:00:00,,33880.0,
2022-09-20 03:00:00,(E),34000.0,
2022-09-21 03:00:00,(E),34100.0,
2022-09-22 03:00:00,,34100.0,
2022-09-23 03:00:00,(E),34200.0,
2022-09-26 03:00:00,(E),34320.0,
2022-09-27 03:00:00,(E),34700.0,
2022-09-28 03:00:00,(E),34760.0,
2022-09-29 03:00:00,,34800.0,
2022-09-30 03:00:00,(E),35000.0,
2022-10-03 03:00:00,,35530.0,
2022-10-04 03:00:00,(E),35600.0,
2022-10-05 03:00:00,(E),35650.0,
2022-10-06 03:00:00,(E),35760.0,
2022-10-11 03:00:00,(E),36120.0,
2022-10-12 03:00:00,(E),36200.0,
2022-10-13 03:00:00,(E),36260.0,
2022-10-14 03:00:00,(E),36345.0,
2022-10-17 03:00:00,,36550.0,
2022-10-18 03:00:00,,36500.0,
2022-10-19 03:00:00,,36715.0,
2022-10-20 03:00:00,,36800.0,
2022-10-21 03:00:00,,36900.0,
2022-10-24 03:00:00,(E),37050.0,
2022-10-25 03:00:00,,37170.0,
2022-10-26 03:00:00,(E),37250.0,
2022-10-27 03:00:00,(E),37320.0,
2022-10-28 03:00:00,(E),37400.0,
2022-10-31 03:00:00,(E),37600.0,
2022-11-01 03:00:00,(E),37850.0,
2022-11-02 03:00:00,(E),38000.0,
2022-11-03 03:00:00,(E),38000.0,
2022-11-04 03:00:00,(E),38100.0,
2022-11-07 03:00:00,(E),38360.0,
2022-11-08 03:00:00,(E),38400.0,
2022-11-09 03:00:00,(E),38520.0,
2022-11-10 03:00:00,(E),38600.0,
2022-11-11 03:00:00,(E),38680.0,
2022-11-14 03:00:00,(E),38940.0,
2022-11-15 03:00:00,(E),39000.0,
2022-11-16 03:00:00,(E),39100.0,
2022-11-17 03:00:00,(E),39180.0,
2022-11-18 03:00:00,(E),39440.0,
2022-11-22 03:00:00,(E),39900.0,
2022-11-23 03:00:00,(E),39840.0,
2022-11-24 03:00:00,(E),39930.0,
2022-11-25 03:00:00,(E),40020.0,
2022-11-28 03:00:00,(E),40250.0,
2022-11-29 03:00:00,(E),40250.0,
2022-11-30 03:00:00,,40100.0,
2022-12-01 03:00:00,(E),40200.0,
2022-12-02 03:00:00,(E),40295.0,
2022-12-05 03:00:00,(E),40550.0,
2022-12-06 03:00:00,(E),40630.0,
2022-12-07 03:00:00,(E),40728.0,
2022-12-12 03:00:00,,41080.0,
2022-12-13 03:00:00,,41700.0,
2022-12-14 03:00:00,(E),41750.0,
2022-12-15 03:00:00,(E),42250.0,
2022-12-16 03:00:00,(E),43000.0,
2022-12-19 03:00:00,(E),43350.0,
2022-12-20 03:00:00,(E),43450.0,
2022-12-21 03:00:00,(E),43520.0,
2022-12-22 03:00:00,(E),43580.0,
2022-12-23 03:00:00,(E),43660.0,
2022-12-26 03:00:00,(E),43900.0,
2022-12-27 03:00:00,(E),43950.0,
2022-12-28 03:00:00,,44400.0,
2022-12-29 03:00:00,(E),44150.0,
2022-12-30 03:00:00,(E),44240.0,
2023-01-02 03:00:00,(E),44490.0,
2023-01-03 03:00:00,(E),44540.0,
2023-01-04 03:00:00,(E),44615.0,
2023-01-05 03:00:00,(E),45550.0,
2023-01-06 03:00:00,(E),45000.0,
2023-01-09 03:00:00,(E),45150.0,
2023-01-10 03:00:00,(E),45150.0,
2023-01-11 03:00:00,(E),45300.0,
2023-01-12 03:00:00,(E),45300.0,
2023-01-13 03:00:00,(E),45350.0,
2023-01-16 03:00:00,(E),45500.0,
2023-01-17 03:00:00,(E),45570.0,
2023-01-18 03:00:00,(E),45800.0,
2023-01-19 03:00:00,(E),46650.0,
2023-01-20 03:00:00,(E),47650.0,
2023-01-23 03:00:00,(E),48000.0,
2023-01-24 03:00:00,(E),49810.0,
2023-01-25 03:00:00,(E),49900.0,
2023-01-26 03:00:00,,49982.0,
2023-01-27 03:00:00,(E),50250.0,
2023-01-30 03:00:00,(E),50500.0,
2023-01-31 03:00:00,(E),50810.0,
2023-02-01 03:00:00,(E),50880.0,
2023-02-02 03:00:00,,51500.0,
2023-02-03 03:00:00,(E),51650.0,
2023-02-06 03:00:00,(E),51950.0,
2023-02-07 03:00:00,(E),52050.0,
2023-02-08 03:00:00,(E),52150.0,
2023-02-09 03:00:00,(E),52250.0,
2023-02-10 03:00:00,(E),52300.0,
2023-02-13 03:00:00,,51500.0,
2023-02-14 03:00:00,(E),51780.0,
2023-02-15 03:00:00,(E),51890.0,
2023-02-16 03:00:00,(E),52400.0,
2023-02-17 03:00:00,(E),52500.0,
2023-02-22 03:00:00,(E),53000.0,
2023-02-23 03:00:00,(E),53100.0,
2023-02-24 03:00:00,(E),53200.0,
2023-02-27 03:00:00,(E),53480.0,
2023-02-28 03:00:00,(E),53000.0,
2023-03-01 03:00:00,(E),53100.0,
2023-03-02 03:00:00,(E),53370.0,
2023-03-03 03:00:00,(E),53480.0,
